"","location_dest","location_origin","total","long_origin","lat_origin","long_dest","lat_dest"
"1","Abilene TX","Champaign/Urbana IL",1,-88.27805556,40.03925,-99.68189722,32.41132
"2","Albuquerque NM","Durango CO",1,-107.7537692,37.15151667,-106.6091944,35.04022222
"3","Albuquerque NM","Lubbock TX",366,-101.8227778,33.66363889,-106.6091944,35.04022222
"4","Albuquerque NM","Amarillo TX",366,-101.7059272,35.2193725,-106.6091944,35.04022222
"5","Albuquerque NM","Dallas TX",3106,-96.80027778,32.77333333,-106.6091944,35.04022222
"6","Albuquerque NM","Midland TX",366,-102.2019139,31.94252778,-106.6091944,35.04022222
"7","Allentown PA","Lincoln NE",1,-96.75925,40.85097222,-75.48830556,40.57027778
"8","Anchorage AK","Adak AK",102,-176.6460306,51.87796389,-149.9961856,61.17432028
"9","Anchorage AK","Cordova AK",363,-145.4776503,60.49183389,-149.9961856,61.17432028
"10","Anchorage AK","Bethel AK",1035,-161.8379975,60.77977639,-149.9961856,61.17432028
"11","Anchorage AK","King Salmon AK",78,-156.6492175,58.67680167,-149.9961856,61.17432028
"12","Anchorage AK","Barrow AK",364,-156.7660019,71.2854475,-149.9961856,61.17432028
"13","Anchorage AK","Nome AK",729,-165.4452458,64.51220222,-149.9961856,61.17432028
"14","Anchorage AK","Seattle WA",6256,-122.3019561,47.52998917,-149.9961856,61.17432028
"15","Anchorage AK","Deadhorse AK",363,-148.4651608,70.19475583,-149.9961856,61.17432028
"16","Anchorage AK","Kotzebue AK",361,-162.5985497,66.88467694,-149.9961856,61.17432028
"17","Anchorage AK","Kodiak AK",706,-152.4938553,57.74996778,-149.9961856,61.17432028
"18","Anchorage AK","Juneau AK",1163,-134.4077778,58.29888889,-149.9961856,61.17432028
"19","Anchorage AK","Dillingham AK",116,-158.5033389,59.0454125,-149.9961856,61.17432028
"20","Anchorage AK","Fairbanks AK",2853,-147.8596694,64.8136775,-149.9961856,61.17432028
"21","Arcata/Eureka CA","Crescent City CA",360,-124.2365333,41.78015722,-124.1086189,40.97811528
"22","Arlington VA","Boston MA",8899,-71.00517917,42.3643475,-77.03772222,38.85208333
"23","Arlington VA","New York NY",14004,-73.97208306,40.74260167,-77.03772222,38.85208333
"24","Arlington VA","Pellston MI",1,-84.796715,45.5709275,-77.03772222,38.85208333
"25","Arlington VA","Miami FL",2982,-80.29055556,25.79325,-77.03772222,38.85208333
"26","Arlington VA","Charlottesville VA",1,-78.45286111,38.13863889,-77.03772222,38.85208333
"27","Atlanta GA","Rochester NY",2488,-77.67238389,43.11886611,-84.42694444,33.64044444
"28","Atlanta GA","Dayton OH",4369,-84.219375,39.90237583,-84.42694444,33.64044444
"29","Atlanta GA","Bozeman MT",60,-111.1530072,45.77690139,-84.42694444,33.64044444
"30","Atlanta GA","Fayetteville NC",2172,-78.88,34.99147222,-84.42694444,33.64044444
"31","Atlanta GA","New Bern NC",791,-77.04294444,35.07297222,-84.42694444,33.64044444
"32","Atlanta GA","McAllen TX",10,-98.23861111,26.17583333,-84.42694444,33.64044444
"33","Atlanta GA","Lynchburg VA",625,-79.20043056,37.32668528,-84.42694444,33.64044444
"34","Atlanta GA","Grand Rapids MI",1351,-85.52276778,42.88081972,-84.42694444,33.64044444
"35","Atlanta GA","Charleston WV",1430,-81.59318972,38.37315083,-84.42694444,33.64044444
"36","Atlanta GA","Ft. Myers FL",4196,-81.86325,26.58661111,-84.42694444,33.64044444
"37","Atlanta GA","Jackson MS",2704,-90.22253167,32.3347725,-84.42694444,33.64044444
"38","Atlanta GA","Augusta GA",2380,-81.96449611,33.369955,-84.42694444,33.64044444
"39","Atlanta GA","Philadelphia PA",6918,-75.24114083,39.87195278,-84.42694444,33.64044444
"40","Atlanta GA","Syracuse NY",1419,-76.10631056,43.11118694,-84.42694444,33.64044444
"41","Atlanta GA","Lexington KY",2217,-84.60538889,38.03697222,-84.42694444,33.64044444
"42","Atlanta GA","Montrose CO",37,-107.8938333,38.50886722,-84.42694444,33.64044444
"43","Atlanta GA","Greer SC",2450,-82.21885833,34.89566722,-84.42694444,33.64044444
"44","Atlanta GA","Newburgh NY",1617,-74.10483833,41.50409361,-84.42694444,33.64044444
"45","Atlanta GA","Fort Wayne IN",1029,-85.19514639,40.97846583,-84.42694444,33.64044444
"46","Atlanta GA","Macon GA",652,-83.56202778,32.82213889,-84.42694444,33.64044444
"47","Atlanta GA","Cleveland OH",3115,-81.68333333,41.5175,-84.42694444,33.64044444
"48","Atlanta GA","Birmingham AL",2876,-86.75354972,33.56294306,-84.42694444,33.64044444
"49","Atlanta GA","Jacksonville NC",1178,-77.61213778,34.82916444,-84.42694444,33.64044444
"50","Atlanta GA","Albany NY",1154,-73.80297861,42.74811944,-84.42694444,33.64044444
"51","Atlanta GA","Newark NJ",8060,-74.16866056,40.69249722,-84.42694444,33.64044444
"52","Atlanta GA","Albany GA",1095,-84.19447333,31.535515,-84.42694444,33.64044444
"53","Atlanta GA","New Orleans LA",4695,-90.08166667,29.95194444,-84.42694444,33.64044444
"54","Atlanta GA","Sarasota FL",3327,-82.55411111,27.39533333,-84.42694444,33.64044444
"55","Atlanta GA","Atlantic City NJ",113,-74.57716667,39.45758333,-84.42694444,33.64044444
"56","Atlanta GA","Columbus OH",1808,-82.89188278,39.99798528,-84.42694444,33.64044444
"57","Atlanta GA","Huntsville AL",2622,-86.77310944,34.6404475,-84.42694444,33.64044444
"58","Atlanta GA","Boston MA",5982,-71.00517917,42.3643475,-84.42694444,33.64044444
"59","Atlanta GA","Columbia SC",2508,-81.11953944,33.93884,-84.42694444,33.64044444
"60","Atlanta GA","Nashville TN",3097,-86.67818222,36.12447667,-84.42694444,33.64044444
"61","Atlanta GA","Shreveport LA",1817,-93.7450225,32.54021889,-84.42694444,33.64044444
"62","Atlanta GA","Arlington VA",7296,-77.03772222,38.85208333,-84.42694444,33.64044444
"63","Atlanta GA","Indianapolis IN",3515,-86.29438056,39.83070944,-84.42694444,33.64044444
"64","Atlanta GA","Newport News VA",4157,-76.4929875,37.13189556,-84.42694444,33.64044444
"65","Atlanta GA","Greensboro NC",2848,-79.9372975,36.09774694,-84.42694444,33.64044444
"66","Atlanta GA","San Antonio TX",3241,-98.46977778,29.53369444,-84.42694444,33.64044444
"67","Atlanta GA","Alexandria LA",983,-92.54855611,31.32737167,-84.42694444,33.64044444
"68","Atlanta GA","Columbus GA",1481,-84.93886111,32.51633333,-84.42694444,33.64044444
"69","Atlanta GA","Fort Smith AR",633,-94.36744111,35.33659028,-84.42694444,33.64044444
"70","Atlanta GA","Florence SC",615,-79.72388889,34.18536111,-84.42694444,33.64044444
"71","Atlanta GA","Killeen TX",643,-97.82779778,31.06489778,-84.42694444,33.64044444
"72","Atlanta GA","Appleton WI",743,-88.51947556,44.25740806,-84.42694444,33.64044444
"73","Atlanta GA","Portland ME",904,-70.30875,43.64616667,-84.42694444,33.64044444
"74","Atlanta GA","Tallahassee FL",2484,-84.35033333,30.39652778,-84.42694444,33.64044444
"75","Atlanta GA","Lawton OK",543,-98.41663667,34.56771444,-84.42694444,33.64044444
"76","Atlanta GA","Sioux Falls SD",135,-96.74170028,43.58135111,-84.42694444,33.64044444
"77","Atlanta GA","Chantilly VA",5362,-77.45580972,38.94453194,-84.42694444,33.64044444
"78","Atlanta GA","Louisville KY",2756,-85.66372222,38.228,-84.42694444,33.64044444
"79","Atlanta GA","Mobile AL",2225,-88.06799861,30.62646944,-84.42694444,33.64044444
"80","Atlanta GA","Key West FL",974,-81.75955556,24.55611111,-84.42694444,33.64044444
"81","Atlanta GA","NA NA",958,-117.278727,33.127231,-84.42694444,33.64044444
"82","Atlanta GA","Memphis TN",4870,-90.05397694,35.20069278,-84.42694444,33.64044444
"83","Atlanta GA","Tampa FL",7313,-82.53325,27.97547222,-84.42694444,33.64044444
"84","Atlanta GA","South Bend IN",1039,-86.31847417,41.70895361,-84.42694444,33.64044444
"85","Atlanta GA","Corpus Christi TX",6,-97.50121528,27.77036083,-84.42694444,33.64044444
"86","Atlanta GA","Moline IL",2592,-90.50753917,41.44852639,-84.42694444,33.64044444
"87","Atlanta GA","Charlotte Amalie VI",451,-64.97336111,18.33730556,-84.42694444,33.64044444
"88","Atlanta GA","Tupelo MS",10,-88.769895,34.26810833,-84.42694444,33.64044444
"89","Atlanta GA","Gulfport-Biloxi MS",3441,-89.07009278,30.40728028,-84.42694444,33.64044444
"90","Atlanta GA","Flint MI",3133,-83.74345639,42.96550333,-84.42694444,33.64044444
"91","Atlanta GA","Bristol TN",1808,-82.40742056,36.47521417,-84.42694444,33.64044444
"92","Atlanta GA","Wichita KS",3146,-97.22113889,37.74755556,-84.42694444,33.64044444
"93","Atlanta GA","Montgomery AL",2514,-86.39397611,32.30064417,-84.42694444,33.64044444
"94","Atlanta GA","Kalispell MT",25,-114.2550694,48.31140472,-84.42694444,33.64044444
"95","Atlanta GA","Christiansted VI",64,-64.79855556,17.70188889,-84.42694444,33.64044444
"96","Atlanta GA","Orlando FL",9611,-81.43708333,28.28980556,-84.42694444,33.64044444
"97","Atlanta GA","Gunnison CO",2,-106.9331817,38.53396333,-84.42694444,33.64044444
"98","Atlanta GA","Tulsa OK",1980,-95.984635,36.0396275,-84.42694444,33.64044444
"99","Atlanta GA","Norfolk VA",2784,-76.32066389,36.66561833,-84.42694444,33.64044444
"100","Atlanta GA","Dallas-Fort Worth TX",9849,-97.0372,32.89595056,-84.42694444,33.64044444
"101","Atlanta GA","West Palm Beach FL",4262,-80.22148111,26.84537306,-84.42694444,33.64044444
"102","Atlanta GA","Bloomington IL",2511,-88.91595278,40.47798556,-84.42694444,33.64044444
"103","Atlanta GA","Milwaukee WI",3606,-87.89658333,42.94722222,-84.42694444,33.64044444
"104","Atlanta GA","Raleigh NC",5418,-78.78747222,35.87763889,-84.42694444,33.64044444
"105","Atlanta GA","Columbus-Starkville-West Point MS",964,-88.59136861,33.45033444,-84.42694444,33.64044444
"106","Atlanta GA","Minneapolis MN",5369,-93.21138889,45.145,-84.42694444,33.64044444
"107","Atlanta GA","Harrisburg PA",1789,-76.85147222,40.21713889,-84.42694444,33.64044444
"108","Atlanta GA","Springfield MO",1170,-93.38685806,37.24432611,-84.42694444,33.64044444
"109","Atlanta GA","Akron OH",3905,-81.46693944,41.0375,-84.42694444,33.64044444
"110","Atlanta GA","San Juan PR",1872,-66.09883333,18.45675,-84.42694444,33.64044444
"111","Atlanta GA","Lewisburg WV",185,-80.39947222,37.85830556,-84.42694444,33.64044444
"112","Atlanta GA","Charleston SC",4494,-80.04050583,32.89864639,-84.42694444,33.64044444
"113","Atlanta GA","Jackson WY",118,-110.7377389,43.60732417,-84.42694444,33.64044444
"114","Atlanta GA","Valparaiso FL",3045,-86.5254,30.48325,-84.42694444,33.64044444
"115","Atlanta GA","Evansville IN",1151,-87.53062667,38.03799139,-84.42694444,33.64044444
"116","Atlanta GA","Daytona Beach FL",2412,-81.05805556,29.17991667,-84.42694444,33.64044444
"117","Atlanta GA","Buffalo NY",3575,-78.71658528,42.86200306,-84.42694444,33.64044444
"118","Atlanta GA","Wilmington NC",1991,-77.90255556,34.27061111,-84.42694444,33.64044444
"119","Atlanta GA","Kansas City MO",4140,-94.71390556,39.29760528,-84.42694444,33.64044444
"120","Atlanta GA","Toledo OH",120,-83.48226139,41.56487194,-84.42694444,33.64044444
"121","Atlanta GA","Ft. Lauderdale FL",7666,-80.15275,26.07258333,-84.42694444,33.64044444
"122","Atlanta GA","Lafayette LA",995,-91.987655,30.20527972,-84.42694444,33.64044444
"123","Atlanta GA","Gainesville FL",2064,-82.27177778,29.69005556,-84.42694444,33.64044444
"124","Atlanta GA","Charlotte NC",6722,-80.94312583,35.21401111,-84.42694444,33.64044444
"125","Atlanta GA","Knoxville TN",2431,-83.87365389,35.96383361,-84.42694444,33.64044444
"126","Atlanta GA","Des Moines IA",1115,-93.66068222,41.53493306,-84.42694444,33.64044444
"127","Atlanta GA","Baltimore MD",5972,-76.66819833,39.17540167,-84.42694444,33.64044444
"128","Atlanta GA","Allentown PA",853,-75.48830556,40.57027778,-84.42694444,33.64044444
"129","Atlanta GA","Brunswick GA",925,-81.46630556,31.25902778,-84.42694444,33.64044444
"130","Atlanta GA","Roanoke VA",1731,-79.97542833,37.32546833,-84.42694444,33.64044444
"131","Atlanta GA","Baton Rouge LA",2663,-91.14963444,30.53316083,-84.42694444,33.64044444
"132","Atlanta GA","Savannah GA",3888,-81.20213889,32.12758333,-84.42694444,33.64044444
"133","Atlanta GA","Detroit MI",5612,-83.00986111,42.40919444,-84.42694444,33.64044444
"134","Atlanta GA","Fayetteville/Springdale/Rogers AR",1768,-94.30681111,36.28186944,-84.42694444,33.64044444
"135","Atlanta GA","Pensacola FL",4430,-87.18744444,30.47330556,-84.42694444,33.64044444
"136","Atlanta GA","Jacksonville FL",5656,-81.80594722,30.27778889,-84.42694444,33.64044444
"137","Atlanta GA","New York NY",12786,-73.97208306,40.74260167,-84.42694444,33.64044444
"138","Atlanta GA","Dothan AL",1397,-85.44962889,31.32133917,-84.42694444,33.64044444
"139","Atlanta GA","Panama City FL",2548,-85.68280556,30.21208333,-84.42694444,33.64044444
"140","Atlanta GA","Houston TX",8584,-95.55277778,30.06186111,-84.42694444,33.64044444
"141","Atlanta GA","Windsor Locks CT",2141,-72.68322833,41.93887417,-84.42694444,33.64044444
"142","Atlanta GA","Miami FL",6623,-80.29055556,25.79325,-84.42694444,33.64044444
"143","Atlanta GA","Bangor ME",270,-68.82813889,44.80744444,-84.42694444,33.64044444
"144","Atlanta GA","Peoria IL",623,-89.6134025,40.79525917,-84.42694444,33.64044444
"145","Atlanta GA","Oklahoma City OK",1884,-97.82354556,35.4880825,-84.42694444,33.64044444
"146","Atlanta GA","White Plains NY",2158,-73.70757444,41.06695778,-84.42694444,33.64044444
"147","Atlanta GA","Pittsburgh PA",4557,-79.93016889,40.35440139,-84.42694444,33.64044444
"148","Atlanta GA","Little Rock AR",2526,-92.22424556,34.72939611,-84.42694444,33.64044444
"149","Atlanta GA","Chattanooga TN",2086,-85.20378778,35.03526833,-84.42694444,33.64044444
"150","Atlanta GA","Wilkes-Barre/Scranton PA",586,-75.7242675,41.33814944,-84.42694444,33.64044444
"151","Atlanta GA","Chicago IL",10706,-87.60791167,41.85884389,-84.42694444,33.64044444
"152","Atlanta GA","Melbourne FL",2000,-80.64580556,28.10275,-84.42694444,33.64044444
"153","Atlanta GA","Asheville NC",1936,-82.54180556,35.43619444,-84.42694444,33.64044444
"154","Atlanta GA","Richmond VA",4536,-77.52498667,37.4065375,-84.42694444,33.64044444
"155","Atlanta GA","Valdosta GA",938,-83.27672222,30.7825,-84.42694444,33.64044444
"156","Atlanta GA","Myrtle Beach SC",1854,-78.92833333,33.67975,-84.42694444,33.64044444
"157","Atlanta GA","Charlottesville VA",786,-78.45286111,38.13863889,-84.42694444,33.64044444
"158","Atlanta GA","Meridian MS",674,-88.75120556,32.33313333,-84.42694444,33.64044444
"159","Atlanta GA","St Louis MO",3956,-90.50830417,38.72752,-84.42694444,33.64044444
"160","Atlanta GA","Monroe LA",983,-92.03768778,32.51086556,-84.42694444,33.64044444
"161","Austin TX","Harlingen TX",366,-97.65439389,26.22850611,-97.66987194,30.19453278
"162","Austin TX","Dallas TX",5583,-96.80027778,32.77333333,-97.66987194,30.19453278
"163","Austin TX","Midland TX",471,-102.2019139,31.94252778,-97.66987194,30.19453278
"164","Austin TX","Lubbock TX",690,-101.8227778,33.66363889,-97.66987194,30.19453278
"165","Austin TX","El Paso TX",1344,-106.3778056,31.80666667,-97.66987194,30.19453278
"166","Bakersfield CA","Modesto CA",1,-120.9544214,37.62581722,-119.0567681,35.43359806
"167","Bakersfield CA","Inyokern CA",1,-117.8295122,35.65884306,-119.0567681,35.43359806
"168","Baltimore MD","Daytona Beach FL",32,-81.05805556,29.17991667,-76.66819833,39.17540167
"169","Baltimore MD","Cleveland OH",2562,-81.68333333,41.5175,-76.66819833,39.17540167
"170","Baltimore MD","Providence RI",3981,-71.42822111,41.72399917,-76.66819833,39.17540167
"171","Baltimore MD","Albany NY",2297,-73.80297861,42.74811944,-76.66819833,39.17540167
"172","Baltimore MD","Portland ME",995,-70.30875,43.64616667,-76.66819833,39.17540167
"173","Baltimore MD","Manchester NH",3628,-71.43705583,42.93451639,-76.66819833,39.17540167
"174","Baltimore MD","Norfolk VA",1675,-76.32066389,36.66561833,-76.66819833,39.17540167
"175","Baltimore MD","Tampa FL",3402,-82.53325,27.97547222,-76.66819833,39.17540167
"176","Baltimore MD","Dayton OH",980,-84.219375,39.90237583,-76.66819833,39.17540167
"177","Baltimore MD","Buffalo NY",2439,-78.71658528,42.86200306,-76.66819833,39.17540167
"178","Baltimore MD","Louisville KY",1483,-85.66372222,38.228,-76.66819833,39.17540167
"179","Baltimore MD","Islip NY",2438,-73.10021194,40.7952425,-76.66819833,39.17540167
"180","Baltimore MD","Windsor Locks CT",2880,-72.68322833,41.93887417,-76.66819833,39.17540167
"181","Barrow AK","Deadhorse AK",364,-148.4651608,70.19475583,-156.7660019,71.2854475
"182","Barrow AK","Fairbanks AK",364,-147.8596694,64.8136775,-156.7660019,71.2854475
"183","Bethel AK","Anchorage AK",1035,-149.9961856,61.17432028,-161.8379975,60.77977639
"184","Boise ID","Lewiston ID",1,-117.0153944,46.37449806,-116.2227778,43.56444444
"185","Boise ID","Twin Falls ID",1,-114.4877356,42.48180389,-116.2227778,43.56444444
"186","Boise ID","Spokane WA",1016,-117.5338425,47.61985556,-116.2227778,43.56444444
"187","Boston MA","Philadelphia PA",6384,-75.24114083,39.87195278,-71.00517917,42.3643475
"188","Boston MA","Chantilly VA",3846,-77.45580972,38.94453194,-71.00517917,42.3643475
"189","Boston MA","New York NY",19548,-73.97208306,40.74260167,-71.00517917,42.3643475
"190","Boston MA","Baltimore MD",4795,-76.66819833,39.17540167,-71.00517917,42.3643475
"191","Boston MA","Raleigh NC",3870,-78.78747222,35.87763889,-71.00517917,42.3643475
"192","Boston MA","Newport News VA",716,-76.4929875,37.13189556,-71.00517917,42.3643475
"193","Boston MA","Arlington VA",8929,-77.03772222,38.85208333,-71.00517917,42.3643475
"194","Boston MA","Bangor ME",793,-68.82813889,44.80744444,-71.00517917,42.3643475
"195","Bozeman MT","Great Falls MT",1,-111.3706853,47.48200194,-111.1530072,45.77690139
"196","Burbank CA","Oakland CA",5420,-122.2207167,37.72129083,-118.3584969,34.20061917
"197","Cedar City UT","St George UT",1,-113.5930556,37.09058333,-113.098575,37.70097028
"198","Chantilly VA","Norfolk VA",1057,-76.32066389,36.66561833,-77.45580972,38.94453194
"199","Chantilly VA","Harrisburg PA",937,-76.85147222,40.21713889,-77.45580972,38.94453194
"200","Chantilly VA","Columbia SC",1386,-81.11953944,33.93884,-77.45580972,38.94453194
"201","Chantilly VA","Savannah GA",1007,-81.20213889,32.12758333,-77.45580972,38.94453194
"202","Chantilly VA","Roanoke VA",601,-79.97542833,37.32546833,-77.45580972,38.94453194
"203","Chantilly VA","Springfield IL",142,-89.67761861,39.84395194,-77.45580972,38.94453194
"204","Chantilly VA","Myrtle Beach SC",533,-78.92833333,33.67975,-77.45580972,38.94453194
"205","Charleston WV","Lincoln NE",1,-96.75925,40.85097222,-81.59318972,38.37315083
"206","Charlotte NC","Norfolk VA",1836,-76.32066389,36.66561833,-80.94312583,35.21401111
"207","Charlotte NC","Philadelphia PA",3545,-75.24114083,39.87195278,-80.94312583,35.21401111
"208","Charlotte NC","Providence RI",1439,-71.42822111,41.72399917,-80.94312583,35.21401111
"209","Charlotte NC","Pensacola FL",372,-87.18744444,30.47330556,-80.94312583,35.21401111
"210","Charlotte NC","Jacksonville FL",2520,-81.80594722,30.27778889,-80.94312583,35.21401111
"211","Charlotte NC","Wilmington NC",1259,-77.90255556,34.27061111,-80.94312583,35.21401111
"212","Charlotte NC","Bristol TN",16,-82.40742056,36.47521417,-80.94312583,35.21401111
"213","Charlotte NC","West Palm Beach FL",1871,-80.22148111,26.84537306,-80.94312583,35.21401111
"214","Charlotte NC","Augusta GA",16,-81.96449611,33.369955,-80.94312583,35.21401111
"215","Charlotte NC","Savannah GA",1433,-81.20213889,32.12758333,-80.94312583,35.21401111
"216","Charlotte NC","Daytona Beach FL",23,-81.05805556,29.17991667,-80.94312583,35.21401111
"217","Charlotte NC","Memphis TN",2576,-90.05397694,35.20069278,-80.94312583,35.21401111
"218","Charlotte NC","Harrisburg PA",1144,-76.85147222,40.21713889,-80.94312583,35.21401111
"219","Charlotte NC","Allentown PA",465,-75.48830556,40.57027778,-80.94312583,35.21401111
"220","Charlotte NC","Christiansted VI",20,-64.79855556,17.70188889,-80.94312583,35.21401111
"221","Charlotte NC","Charlotte Amalie VI",418,-64.97336111,18.33730556,-80.94312583,35.21401111
"222","Charlotte NC","Richmond VA",1800,-77.52498667,37.4065375,-80.94312583,35.21401111
"223","Charlotte NC","Windsor Locks CT",1834,-72.68322833,41.93887417,-80.94312583,35.21401111
"224","Charlotte NC","Fayetteville NC",95,-78.88,34.99147222,-80.94312583,35.21401111
"225","Charlotte NC","Jacksonville NC",6,-77.61213778,34.82916444,-80.94312583,35.21401111
"226","Charlotte NC","Myrtle Beach SC",2216,-78.92833333,33.67975,-80.94312583,35.21401111
"227","Charlotte NC","Ft. Myers FL",1765,-81.86325,26.58661111,-80.94312583,35.21401111
"228","Charlotte NC","Newark NJ",5945,-74.16866056,40.69249722,-80.94312583,35.21401111
"229","Chicago IL","Baltimore MD",6354,-76.66819833,39.17540167,-87.60791167,41.85884389
"230","Chicago IL","Missoula MT",105,-114.0905556,46.91630556,-87.60791167,41.85884389
"231","Chicago IL","Jackson MS",888,-90.22253167,32.3347725,-87.60791167,41.85884389
"232","Chicago IL","Fort Wayne IN",2958,-85.19514639,40.97846583,-87.60791167,41.85884389
"233","Chicago IL","Charleston SC",1337,-80.04050583,32.89864639,-87.60791167,41.85884389
"234","Chicago IL","San Francisco CA",6838,-122.3748433,37.61900194,-87.60791167,41.85884389
"235","Chicago IL","Indianapolis IN",5435,-86.29438056,39.83070944,-87.60791167,41.85884389
"236","Chicago IL","Boston MA",7429,-71.00517917,42.3643475,-87.60791167,41.85884389
"237","Chicago IL","Bozeman MT",337,-111.1530072,45.77690139,-87.60791167,41.85884389
"238","Chicago IL","Sioux Falls SD",1770,-96.74170028,43.58135111,-87.60791167,41.85884389
"239","Chicago IL","Springfield IL",1083,-89.67761861,39.84395194,-87.60791167,41.85884389
"240","Chicago IL","Detroit MI",10732,-83.00986111,42.40919444,-87.60791167,41.85884389
"241","Chicago IL","Traverse City MI",2436,-85.582235,44.74144472,-87.60791167,41.85884389
"242","Chicago IL","Kalispell MT",104,-114.2550694,48.31140472,-87.60791167,41.85884389
"243","Chicago IL","Ft. Myers FL",1859,-81.86325,26.58661111,-87.60791167,41.85884389
"244","Chicago IL","Springfield MO",2492,-93.38685806,37.24432611,-87.60791167,41.85884389
"245","Chicago IL","Cleveland OH",7130,-81.68333333,41.5175,-87.60791167,41.85884389
"246","Chicago IL","Moline IL",2580,-90.50753917,41.44852639,-87.60791167,41.85884389
"247","Chicago IL","Philadelphia PA",9730,-75.24114083,39.87195278,-87.60791167,41.85884389
"248","Chicago IL","Knoxville TN",2019,-83.87365389,35.96383361,-87.60791167,41.85884389
"249","Chicago IL","Birmingham AL",2206,-86.75354972,33.56294306,-87.60791167,41.85884389
"250","Chicago IL","Omaha NE",6090,-96.11227778,41.196,-87.60791167,41.85884389
"251","Chicago IL","Providence RI",3165,-71.42822111,41.72399917,-87.60791167,41.85884389
"252","Chicago IL","Madison WI",4943,-89.18553833,43.10491444,-87.60791167,41.85884389
"253","Chicago IL","Bloomington IL",2007,-88.91595278,40.47798556,-87.60791167,41.85884389
"254","Chicago IL","Grand Rapids MI",3696,-85.52276778,42.88081972,-87.60791167,41.85884389
"255","Chicago IL","Fayetteville/Springdale/Rogers AR",3114,-94.30681111,36.28186944,-87.60791167,41.85884389
"256","Chicago IL","Charlotte NC",5652,-80.94312583,35.21401111,-87.60791167,41.85884389
"257","Chicago IL","Milwaukee WI",3541,-87.89658333,42.94722222,-87.60791167,41.85884389
"258","Chicago IL","Gunnison CO",2,-106.9331817,38.53396333,-87.60791167,41.85884389
"259","Chicago IL","Buffalo NY",4713,-78.71658528,42.86200306,-87.60791167,41.85884389
"260","Chicago IL","Miami FL",3476,-80.29055556,25.79325,-87.60791167,41.85884389
"261","Chicago IL","Akron OH",1049,-81.46693944,41.0375,-87.60791167,41.85884389
"262","Chicago IL","Billings MT",103,-108.5428611,45.8076625,-87.60791167,41.85884389
"263","Chicago IL","Harrisburg PA",1598,-76.85147222,40.21713889,-87.60791167,41.85884389
"264","Chicago IL","Columbus OH",7602,-82.89188278,39.99798528,-87.60791167,41.85884389
"265","Chicago IL","New Orleans LA",1848,-90.08166667,29.95194444,-87.60791167,41.85884389
"266","Chicago IL","Allentown PA",1425,-75.48830556,40.57027778,-87.60791167,41.85884389
"267","Chicago IL","Orlando FL",7543,-81.43708333,28.28980556,-87.60791167,41.85884389
"268","Chicago IL","Lansing MI",1409,-84.58735806,42.7787,-87.60791167,41.85884389
"269","Chicago IL","Norfolk VA",1820,-76.32066389,36.66561833,-87.60791167,41.85884389
"270","Chicago IL","Little Rock AR",2189,-92.22424556,34.72939611,-87.60791167,41.85884389
"271","Chicago IL","Mosinee WI",1715,-89.66677944,44.77761917,-87.60791167,41.85884389
"272","Chicago IL","White Plains NY",3626,-73.70757444,41.06695778,-87.60791167,41.85884389
"273","Chicago IL","Tulsa OK",2038,-95.984635,36.0396275,-87.60791167,41.85884389
"274","Chicago IL","Charleston WV",709,-81.59318972,38.37315083,-87.60791167,41.85884389
"275","Chicago IL","Valparaiso FL",236,-86.5254,30.48325,-87.60791167,41.85884389
"276","Chicago IL","Las Vegas NV",9071,-115.1327708,35.97636444,-87.60791167,41.85884389
"277","Chicago IL","Colorado Springs CO",1519,-104.5698933,38.94574889,-87.60791167,41.85884389
"278","Chicago IL","Newark NJ",7784,-74.16866056,40.69249722,-87.60791167,41.85884389
"279","Chicago IL","Dayton OH",1799,-84.219375,39.90237583,-87.60791167,41.85884389
"280","Chicago IL","Covington KY",6014,-84.6621725,39.04614278,-87.60791167,41.85884389
"281","Chicago IL","Nashville TN",6718,-86.67818222,36.12447667,-87.60791167,41.85884389
"282","Chicago IL","Dubuque IA",1349,-90.70916722,42.40295944,-87.60791167,41.85884389
"283","Chicago IL","Salt Lake City UT",3860,-111.9777731,40.78838778,-87.60791167,41.85884389
"284","Chicago IL","Syracuse NY",2342,-76.10631056,43.11118694,-87.60791167,41.85884389
"285","Chicago IL","Wichita KS",3005,-97.22113889,37.74755556,-87.60791167,41.85884389
"286","Chicago IL","Pittsburgh PA",5591,-79.93016889,40.35440139,-87.60791167,41.85884389
"287","Chicago IL","Rochester MN",2365,-92.49798722,43.90882639,-87.60791167,41.85884389
"288","Chicago IL","Appleton WI",2288,-88.51947556,44.25740806,-87.60791167,41.85884389
"289","Chicago IL","Champaign/Urbana IL",2406,-88.27805556,40.03925,-87.60791167,41.85884389
"290","Chicago IL","Casper WY",134,-106.4644661,42.90835556,-87.60791167,41.85884389
"291","Chicago IL","Eagle CO",197,-106.9176953,39.64256778,-87.60791167,41.85884389
"292","Chicago IL","Evansville IN",1944,-87.53062667,38.03799139,-87.60791167,41.85884389
"293","Chicago IL","Mobile AL",210,-88.06799861,30.62646944,-87.60791167,41.85884389
"294","Chicago IL","Tampa FL",4506,-82.53325,27.97547222,-87.60791167,41.85884389
"295","Chicago IL","Roanoke VA",635,-79.97542833,37.32546833,-87.60791167,41.85884389
"296","Chicago IL","Jackson WY",360,-110.7377389,43.60732417,-87.60791167,41.85884389
"297","Chicago IL","Grand Junction CO",6,-108.5267347,39.1224125,-87.60791167,41.85884389
"298","Chicago IL","Phoenix AZ",7925,-112.0825614,33.68831667,-87.60791167,41.85884389
"299","Chicago IL","Los Angeles CA",9721,-118.4080744,33.94253611,-87.60791167,41.85884389
"300","Chicago IL","St Louis MO",8011,-90.50830417,38.72752,-87.60791167,41.85884389
"301","Chicago IL","Savannah GA",1134,-81.20213889,32.12758333,-87.60791167,41.85884389
"302","Chicago IL","Wilkes-Barre/Scranton PA",716,-75.7242675,41.33814944,-87.60791167,41.85884389
"303","Chicago IL","Cedar Rapids IA",3931,-91.71087222,41.88458833,-87.60791167,41.85884389
"304","Chicago IL","Atlanta GA",10933,-84.42694444,33.64044444,-87.60791167,41.85884389
"305","Chicago IL","Lincoln NE",1403,-96.75925,40.85097222,-87.60791167,41.85884389
"306","Chicago IL","Oklahoma City OK",2038,-97.82354556,35.4880825,-87.60791167,41.85884389
"307","Chicago IL","Flint MI",1264,-83.74345639,42.96550333,-87.60791167,41.85884389
"308","Chicago IL","Rapid City SD",217,-103.0573708,44.04532139,-87.60791167,41.85884389
"309","Chicago IL","Islip NY",1427,-73.10021194,40.7952425,-87.60791167,41.85884389
"310","Chicago IL","Sarasota FL",565,-82.55411111,27.39533333,-87.60791167,41.85884389
"311","Chicago IL","Chantilly VA",5023,-77.45580972,38.94453194,-87.60791167,41.85884389
"312","Chicago IL","Peoria IL",3259,-89.6134025,40.79525917,-87.60791167,41.85884389
"313","Chicago IL","Kalamazoo MI",2352,-85.5520575,42.234875,-87.60791167,41.85884389
"314","Chicago IL","South Bend IN",2265,-86.31847417,41.70895361,-87.60791167,41.85884389
"315","Chicago IL","New York NY",14534,-73.97208306,40.74260167,-87.60791167,41.85884389
"316","Chicago IL","Des Moines IA",4525,-93.66068222,41.53493306,-87.60791167,41.85884389
"317","Chicago IL","La Crosse WI",1571,-91.25653778,43.87937972,-87.60791167,41.85884389
"318","Chicago IL","Baton Rouge LA",215,-91.14963444,30.53316083,-87.60791167,41.85884389
"319","Chicago IL","Seattle WA",5969,-122.3019561,47.52998917,-87.60791167,41.85884389
"320","Chicago IL","Lexington KY",1967,-84.60538889,38.03697222,-87.60791167,41.85884389
"321","Chicago IL","Chattanooga TN",766,-85.20378778,35.03526833,-87.60791167,41.85884389
"322","Chicago IL","Fargo ND",1327,-96.81498889,46.91934889,-87.60791167,41.85884389
"323","Chicago IL","Windsor Locks CT",4159,-72.68322833,41.93887417,-87.60791167,41.85884389
"324","Chicago IL","Minneapolis MN",10723,-93.21138889,45.145,-87.60791167,41.85884389
"325","Chicago IL","Aspen CO",332,-106.868845,39.22316,-87.60791167,41.85884389
"326","Chicago IL","Toledo OH",1337,-83.48226139,41.56487194,-87.60791167,41.85884389
"327","Chicago IL","Saginaw MI",1341,-84.07964722,43.53291472,-87.60791167,41.85884389
"328","Chicago IL","Houston TX",7705,-95.55277778,30.06186111,-87.60791167,41.85884389
"329","Chicago IL","Hayden CO",205,-107.2176597,40.48118028,-87.60791167,41.85884389
"330","Chicago IL","Arlington VA",7427,-77.03772222,38.85208333,-87.60791167,41.85884389
"331","Chicago IL","Ft. Lauderdale FL",3203,-80.15275,26.07258333,-87.60791167,41.85884389
"332","Chicago IL","Dallas-Fort Worth TX",8165,-97.0372,32.89595056,-87.60791167,41.85884389
"333","Chicago IL","Richmond VA",1884,-77.52498667,37.4065375,-87.60791167,41.85884389
"334","Chicago IL","Denver CO",10389,-104.8492942,39.57012833,-87.60791167,41.85884389
"335","Chicago IL","Manchester NH",2788,-71.43705583,42.93451639,-87.60791167,41.85884389
"336","Chicago IL","Rochester NY",2484,-77.67238389,43.11886611,-87.60791167,41.85884389
"337","Chicago IL","Columbia SC",1696,-81.11953944,33.93884,-87.60791167,41.85884389
"338","Chicago IL","Green Bay WI",3634,-88.12959,44.48507333,-87.60791167,41.85884389
"339","Chicago IL","Austin TX",3226,-97.66987194,30.19453278,-87.60791167,41.85884389
"340","Chicago IL","Louisville KY",5182,-85.66372222,38.228,-87.60791167,41.85884389
"341","Chicago IL","Raleigh NC",4454,-78.78747222,35.87763889,-87.60791167,41.85884389
"342","Chicago IL","Memphis TN",3769,-90.05397694,35.20069278,-87.60791167,41.85884389
"343","Chicago IL","Albany NY",2360,-73.80297861,42.74811944,-87.60791167,41.85884389
"344","Chicago IL","Burlington VT",737,-73.1503125,44.47300361,-87.60791167,41.85884389
"345","Chicago IL","Kansas City MO",7687,-94.71390556,39.29760528,-87.60791167,41.85884389
"346","Chicago IL","Great Falls MT",23,-111.3706853,47.48200194,-87.60791167,41.85884389
"347","Chicago IL","Greer SC",1159,-82.21885833,34.89566722,-87.60791167,41.85884389
"348","Cleveland OH","Allentown PA",805,-75.48830556,40.57027778,-81.68333333,41.5175
"349","Cleveland OH","Rochester NY",921,-77.67238389,43.11886611,-81.68333333,41.5175
"350","Cleveland OH","Milwaukee WI",2226,-87.89658333,42.94722222,-81.68333333,41.5175
"351","Cleveland OH","Burlington VT",614,-73.1503125,44.47300361,-81.68333333,41.5175
"352","Cleveland OH","Albany NY",1113,-73.80297861,42.74811944,-81.68333333,41.5175
"353","Colorado Springs CO","Pueblo CO",2,-104.4965722,38.28908722,-104.5698933,38.94574889
"354","Cordova AK","Yakutat AK",363,-139.7410994,59.5624775,-145.4776503,60.49183389
"355","Covington KY","Toledo OH",21,-83.48226139,41.56487194,-84.6621725,39.04614278
"356","Covington KY","Sioux Falls SD",555,-96.74170028,43.58135111,-84.6621725,39.04614278
"357","Covington KY","Sarasota FL",445,-82.55411111,27.39533333,-84.6621725,39.04614278
"358","Covington KY","Kalamazoo MI",148,-85.5520575,42.234875,-84.6621725,39.04614278
"359","Covington KY","Traverse City MI",129,-85.582235,44.74144472,-84.6621725,39.04614278
"360","Covington KY","Huntington WV",158,-82.55802778,38.36666667,-84.6621725,39.04614278
"361","Covington KY","Roanoke VA",2,-79.97542833,37.32546833,-84.6621725,39.04614278
"362","Covington KY","Grand Rapids MI",1387,-85.52276778,42.88081972,-84.6621725,39.04614278
"363","Covington KY","Greensboro NC",1097,-79.9372975,36.09774694,-84.6621725,39.04614278
"364","Covington KY","Cedar Rapids IA",874,-91.71087222,41.88458833,-84.6621725,39.04614278
"365","Covington KY","Wilkes-Barre/Scranton PA",356,-75.7242675,41.33814944,-84.6621725,39.04614278
"366","Covington KY","Lexington KY",1539,-84.60538889,38.03697222,-84.6621725,39.04614278
"367","Covington KY","Columbia SC",927,-81.11953944,33.93884,-84.6621725,39.04614278
"368","Covington KY","Panama City FL",36,-85.68280556,30.21208333,-84.6621725,39.04614278
"369","Covington KY","Portland ME",563,-70.30875,43.64616667,-84.6621725,39.04614278
"370","Covington KY","Appleton WI",697,-88.51947556,44.25740806,-84.6621725,39.04614278
"371","Covington KY","Bristol TN",249,-82.40742056,36.47521417,-84.6621725,39.04614278
"372","Covington KY","South Bend IN",12,-86.31847417,41.70895361,-84.6621725,39.04614278
"373","Covington KY","Charlottesville VA",36,-78.45286111,38.13863889,-84.6621725,39.04614278
"374","Covington KY","Wilmington NC",146,-77.90255556,34.27061111,-84.6621725,39.04614278
"375","Covington KY","Green Bay WI",447,-88.12959,44.48507333,-84.6621725,39.04614278
"376","Covington KY","Huntsville AL",787,-86.77310944,34.6404475,-84.6621725,39.04614278
"377","Covington KY","Charleston WV",391,-81.59318972,38.37315083,-84.6621725,39.04614278
"378","Covington KY","Lansing MI",486,-84.58735806,42.7787,-84.6621725,39.04614278
"379","Covington KY","Harrisburg PA",1008,-76.85147222,40.21713889,-84.6621725,39.04614278
"380","Crescent City CA","Arcata/Eureka CA",362,-124.1086189,40.97811528,-124.2365333,41.78015722
"381","Dallas TX","Lubbock TX",2679,-101.8227778,33.66363889,-96.80027778,32.77333333
"382","Dallas TX","Austin TX",5573,-97.66987194,30.19453278,-96.80027778,32.77333333
"383","Dallas TX","Harlingen TX",33,-97.65439389,26.22850611,-96.80027778,32.77333333
"384","Dallas TX","San Antonio TX",4999,-98.46977778,29.53369444,-96.80027778,32.77333333
"385","Dallas TX","Houston TX",13496,-95.55277778,30.06186111,-96.80027778,32.77333333
"386","Dallas TX","Midland TX",1995,-102.2019139,31.94252778,-96.80027778,32.77333333
"387","Dallas TX","Amarillo TX",2669,-101.7059272,35.2193725,-96.80027778,32.77333333
"388","Dallas TX","St Louis MO",2718,-90.50830417,38.72752,-96.80027778,32.77333333
"389","Dallas TX","Albuquerque NM",3078,-106.6091944,35.04022222,-96.80027778,32.77333333
"390","Dallas TX","Kansas City MO",3943,-94.71390556,39.29760528,-96.80027778,32.77333333
"391","Dallas TX","Tulsa OK",2284,-95.984635,36.0396275,-96.80027778,32.77333333
"392","Dallas TX","New Orleans LA",2079,-90.08166667,29.95194444,-96.80027778,32.77333333
"393","Dallas TX","El Paso TX",2290,-106.3778056,31.80666667,-96.80027778,32.77333333
"394","Dallas TX","Little Rock AR",2327,-92.22424556,34.72939611,-96.80027778,32.77333333
"395","Dallas-Fort Worth TX","Abilene TX",2660,-99.68189722,32.41132,-97.0372,32.89595056
"396","Dallas-Fort Worth TX","Houston TX",7964,-95.55277778,30.06186111,-97.0372,32.89595056
"397","Dallas-Fort Worth TX","Champaign/Urbana IL",366,-88.27805556,40.03925,-97.0372,32.89595056
"398","Dallas-Fort Worth TX","Charlotte NC",3796,-80.94312583,35.21401111,-97.0372,32.89595056
"399","Dallas-Fort Worth TX","Little Rock AR",3245,-92.22424556,34.72939611,-97.0372,32.89595056
"400","Dallas-Fort Worth TX","Springfield MO",3228,-93.38685806,37.24432611,-97.0372,32.89595056
"401","Dallas-Fort Worth TX","Nashville TN",2859,-86.67818222,36.12447667,-97.0372,32.89595056
"402","Dallas-Fort Worth TX","Covington KY",3244,-84.6621725,39.04614278,-97.0372,32.89595056
"403","Dallas-Fort Worth TX","Omaha NE",1748,-96.11227778,41.196,-97.0372,32.89595056
"404","Dallas-Fort Worth TX","Birmingham AL",1287,-86.75354972,33.56294306,-97.0372,32.89595056
"405","Dallas-Fort Worth TX","San Angelo TX",1316,-100.4963056,31.35775,-97.0372,32.89595056
"406","Dallas-Fort Worth TX","Baton Rouge LA",2922,-91.14963444,30.53316083,-97.0372,32.89595056
"407","Dallas-Fort Worth TX","Greer SC",1436,-82.21885833,34.89566722,-97.0372,32.89595056
"408","Dallas-Fort Worth TX","Louisville KY",1386,-85.66372222,38.228,-97.0372,32.89595056
"409","Dallas-Fort Worth TX","Corpus Christi TX",2510,-97.50121528,27.77036083,-97.0372,32.89595056
"410","Dallas-Fort Worth TX","Evansville IN",366,-87.53062667,38.03799139,-97.0372,32.89595056
"411","Dallas-Fort Worth TX","Hayden CO",127,-107.2176597,40.48118028,-97.0372,32.89595056
"412","Dallas-Fort Worth TX","Austin TX",5506,-97.66987194,30.19453278,-97.0372,32.89595056
"413","Dallas-Fort Worth TX","Arlington VA",3965,-77.03772222,38.85208333,-97.0372,32.89595056
"414","Dallas-Fort Worth TX","San Antonio TX",5413,-98.46977778,29.53369444,-97.0372,32.89595056
"415","Dallas-Fort Worth TX","Gulfport-Biloxi MS",1157,-89.07009278,30.40728028,-97.0372,32.89595056
"416","Dallas-Fort Worth TX","Longview TX",978,-94.71171,32.38486111,-97.0372,32.89595056
"417","Dallas-Fort Worth TX","Valparaiso FL",1968,-86.5254,30.48325,-97.0372,32.89595056
"418","Dallas-Fort Worth TX","Palm Springs CA",1096,-116.5062531,33.82921556,-97.0372,32.89595056
"419","Dallas-Fort Worth TX","Kansas City MO",2877,-94.71390556,39.29760528,-97.0372,32.89595056
"420","Dallas-Fort Worth TX","Waco TX",1993,-97.23051917,31.61128833,-97.0372,32.89595056
"421","Dallas-Fort Worth TX","Alexandria LA",1005,-92.54855611,31.32737167,-97.0372,32.89595056
"422","Dallas-Fort Worth TX","Des Moines IA",2137,-93.66068222,41.53493306,-97.0372,32.89595056
"423","Dallas-Fort Worth TX","Lubbock TX",3015,-101.8227778,33.66363889,-97.0372,32.89595056
"424","Dallas-Fort Worth TX","McAllen TX",1441,-98.23861111,26.17583333,-97.0372,32.89595056
"425","Dallas-Fort Worth TX","Huntsville AL",1717,-86.77310944,34.6404475,-97.0372,32.89595056
"426","Dallas-Fort Worth TX","Fort Wayne IN",713,-85.19514639,40.97846583,-97.0372,32.89595056
"427","Dallas-Fort Worth TX","Jackson MS",2605,-90.22253167,32.3347725,-97.0372,32.89595056
"428","Dallas-Fort Worth TX","Santa Ana CA",3656,-117.8682225,33.67565861,-97.0372,32.89595056
"429","Dallas-Fort Worth TX","Lawton OK",1826,-98.41663667,34.56771444,-97.0372,32.89595056
"430","Dallas-Fort Worth TX","Albuquerque NM",2888,-106.6091944,35.04022222,-97.0372,32.89595056
"431","Dallas-Fort Worth TX","Dayton OH",1037,-84.219375,39.90237583,-97.0372,32.89595056
"432","Dallas-Fort Worth TX","Tucson AZ",2676,-111.1728611,32.14308333,-97.0372,32.89595056
"433","Dallas-Fort Worth TX","Mobile AL",1399,-88.06799861,30.62646944,-97.0372,32.89595056
"434","Dallas-Fort Worth TX","Jackson WY",214,-110.7377389,43.60732417,-97.0372,32.89595056
"435","Dallas-Fort Worth TX","Columbia SC",1157,-81.11953944,33.93884,-97.0372,32.89595056
"436","Dallas-Fort Worth TX","Miami FL",3346,-80.29055556,25.79325,-97.0372,32.89595056
"437","Dallas-Fort Worth TX","Peoria IL",634,-89.6134025,40.79525917,-97.0372,32.89595056
"438","Dallas-Fort Worth TX","New Orleans LA",2501,-90.08166667,29.95194444,-97.0372,32.89595056
"439","Dallas-Fort Worth TX","Eagle CO",457,-106.9176953,39.64256778,-97.0372,32.89595056
"440","Dallas-Fort Worth TX","Pensacola FL",2024,-87.18744444,30.47330556,-97.0372,32.89595056
"441","Dallas-Fort Worth TX","Laredo TX",1401,-99.46154361,27.54373861,-97.0372,32.89595056
"442","Dallas-Fort Worth TX","Midland TX",1778,-102.2019139,31.94252778,-97.0372,32.89595056
"443","Dallas-Fort Worth TX","Roswell NM",961,-104.5305556,33.30155556,-97.0372,32.89595056
"444","Dallas-Fort Worth TX","College Station TX",1105,-96.36382417,30.58858944,-97.0372,32.89595056
"445","Dallas-Fort Worth TX","Colorado Springs CO",2036,-104.5698933,38.94574889,-97.0372,32.89595056
"446","Dallas-Fort Worth TX","Amarillo TX",2556,-101.7059272,35.2193725,-97.0372,32.89595056
"447","Dallas-Fort Worth TX","St Louis MO",3597,-90.50830417,38.72752,-97.0372,32.89595056
"448","Dallas-Fort Worth TX","Fort Smith AR",1826,-94.36744111,35.33659028,-97.0372,32.89595056
"449","Dallas-Fort Worth TX","Killeen TX",2565,-97.82779778,31.06489778,-97.0372,32.89595056
"450","Dallas-Fort Worth TX","Columbus OH",1694,-82.89188278,39.99798528,-97.0372,32.89595056
"451","Dallas-Fort Worth TX","Charleston SC",1155,-80.04050583,32.89864639,-97.0372,32.89595056
"452","Dallas-Fort Worth TX","Monroe LA",966,-92.03768778,32.51086556,-97.0372,32.89595056
"453","Dallas-Fort Worth TX","Montrose CO",232,-107.8938333,38.50886722,-97.0372,32.89595056
"454","Dallas-Fort Worth TX","Wichita Falls TX",1834,-98.49189333,33.98879611,-97.0372,32.89595056
"455","Dallas-Fort Worth TX","Grand Junction CO",599,-108.5267347,39.1224125,-97.0372,32.89595056
"456","Dallas-Fort Worth TX","Knoxville TN",1506,-83.87365389,35.96383361,-97.0372,32.89595056
"457","Dallas-Fort Worth TX","Oklahoma City OK",2845,-97.82354556,35.4880825,-97.0372,32.89595056
"458","Dallas-Fort Worth TX","Wichita KS",1794,-97.22113889,37.74755556,-97.0372,32.89595056
"459","Dallas-Fort Worth TX","Lexington KY",907,-84.60538889,38.03697222,-97.0372,32.89595056
"460","Dallas-Fort Worth TX","Denver CO",8268,-104.8492942,39.57012833,-97.0372,32.89595056
"461","Dallas-Fort Worth TX","Fayetteville/Springdale/Rogers AR",2781,-94.30681111,36.28186944,-97.0372,32.89595056
"462","Dallas-Fort Worth TX","Tulsa OK",3260,-95.984635,36.0396275,-97.0372,32.89595056
"463","Dallas-Fort Worth TX","Tyler TX",1585,-95.40238611,32.35413889,-97.0372,32.89595056
"464","Dallas-Fort Worth TX","Atlanta GA",9847,-84.42694444,33.64044444,-97.0372,32.89595056
"465","Dallas-Fort Worth TX","Lafayette LA",1182,-91.987655,30.20527972,-97.0372,32.89595056
"466","Dallas-Fort Worth TX","Madison WI",947,-89.18553833,43.10491444,-97.0372,32.89595056
"467","Dallas-Fort Worth TX","Shreveport LA",3579,-93.7450225,32.54021889,-97.0372,32.89595056
"468","Dallas-Fort Worth TX","El Paso TX",2901,-106.3778056,31.80666667,-97.0372,32.89595056
"469","Dallas-Fort Worth TX","Gunnison CO",111,-106.9331817,38.53396333,-97.0372,32.89595056
"470","Dallas-Fort Worth TX","Bloomington IL",60,-88.91595278,40.47798556,-97.0372,32.89595056
"471","Dallas-Fort Worth TX","Chattanooga TN",426,-85.20378778,35.03526833,-97.0372,32.89595056
"472","Dallas-Fort Worth TX","Cedar Rapids IA",1897,-91.71087222,41.88458833,-97.0372,32.89595056
"473","Dallas-Fort Worth TX","Texarkana AR",1250,-93.99102,33.45370806,-97.0372,32.89595056
"474","Deadhorse AK","Fairbanks AK",364,-147.8596694,64.8136775,-148.4651608,70.19475583
"475","Denver CO","Akron OH",779,-81.46693944,41.0375,-104.8492942,39.57012833
"476","Denver CO","Amarillo TX",729,-101.7059272,35.2193725,-104.8492942,39.57012833
"477","Denver CO","Seattle WA",6623,-122.3019561,47.52998917,-104.8492942,39.57012833
"478","Denver CO","Phoenix AZ",8402,-112.0825614,33.68831667,-104.8492942,39.57012833
"479","Denver CO","Eugene OR",726,-123.2186856,44.12326,-104.8492942,39.57012833
"480","Denver CO","Missoula MT",1107,-114.0905556,46.91630556,-104.8492942,39.57012833
"481","Denver CO","Billings MT",1628,-108.5428611,45.8076625,-104.8492942,39.57012833
"482","Denver CO","Des Moines IA",1704,-93.66068222,41.53493306,-104.8492942,39.57012833
"483","Denver CO","Wichita KS",1578,-97.22113889,37.74755556,-104.8492942,39.57012833
"484","Denver CO","Cody WY",481,-109.0237961,44.52019417,-104.8492942,39.57012833
"485","Denver CO","Durango CO",2475,-107.7537692,37.15151667,-104.8492942,39.57012833
"486","Denver CO","Bismarck ND",1239,-100.7467222,46.77411111,-104.8492942,39.57012833
"487","Denver CO","Traverse City MI",89,-85.582235,44.74144472,-104.8492942,39.57012833
"488","Denver CO","Sioux Falls SD",1429,-96.74170028,43.58135111,-104.8492942,39.57012833
"489","Denver CO","Medford OR",365,-122.8734978,42.37422778,-104.8492942,39.57012833
"490","Denver CO","Kansas City MO",5256,-94.71390556,39.29760528,-104.8492942,39.57012833
"491","Denver CO","Fresno CA",1265,-119.7181389,36.77619444,-104.8492942,39.57012833
"492","Denver CO","Indianapolis IN",2089,-86.29438056,39.83070944,-104.8492942,39.57012833
"493","Denver CO","Grand Junction CO",2463,-108.5267347,39.1224125,-104.8492942,39.57012833
"494","Denver CO","Kalispell MT",668,-114.2550694,48.31140472,-104.8492942,39.57012833
"495","Denver CO","Montrose CO",1591,-107.8938333,38.50886722,-104.8492942,39.57012833
"496","Denver CO","Portland OR",4654,-122.6709289,45.52527778,-104.8492942,39.57012833
"497","Denver CO","Albuquerque NM",4318,-106.6091944,35.04022222,-104.8492942,39.57012833
"498","Denver CO","Lincoln NE",1204,-96.75925,40.85097222,-104.8492942,39.57012833
"499","Denver CO","Omaha NE",3231,-96.11227778,41.196,-104.8492942,39.57012833
"500","Denver CO","Colorado Springs CO",4193,-104.5698933,38.94574889,-104.8492942,39.57012833
"501","Denver CO","Great Falls MT",869,-111.3706853,47.48200194,-104.8492942,39.57012833
"502","Denver CO","Pasco WA",940,-119.1190292,46.26468028,-104.8492942,39.57012833
"503","Denver CO","Bozeman MT",1293,-111.1530072,45.77690139,-104.8492942,39.57012833
"504","Denver CO","Springfield MO",777,-93.38685806,37.24432611,-104.8492942,39.57012833
"505","Denver CO","Redmond OR",12,-121.1499633,44.25406722,-104.8492942,39.57012833
"506","Denver CO","Tucson AZ",2029,-111.1728611,32.14308333,-104.8492942,39.57012833
"507","Denver CO","Spokane WA",1436,-117.5338425,47.61985556,-104.8492942,39.57012833
"508","Denver CO","Jackson WY",1443,-110.7377389,43.60732417,-104.8492942,39.57012833
"509","Denver CO","Salt Lake City UT",9269,-111.9777731,40.78838778,-104.8492942,39.57012833
"510","Denver CO","Rapid City SD",2309,-103.0573708,44.04532139,-104.8492942,39.57012833
"511","Denver CO","Fargo ND",1263,-96.81498889,46.91934889,-104.8492942,39.57012833
"512","Denver CO","Chicago IL",10098,-87.60791167,41.85884389,-104.8492942,39.57012833
"513","Denver CO","Minneapolis MN",5374,-93.21138889,45.145,-104.8492942,39.57012833
"514","Denver CO","Cedar Rapids IA",798,-91.71087222,41.88458833,-104.8492942,39.57012833
"515","Denver CO","Rockford IL",290,-89.09721111,42.19536389,-104.8492942,39.57012833
"516","Denver CO","Gunnison CO",831,-106.9331817,38.53396333,-104.8492942,39.57012833
"517","Denver CO","Oklahoma City OK",2848,-97.82354556,35.4880825,-104.8492942,39.57012833
"518","Denver CO","Boise ID",2064,-116.2227778,43.56444444,-104.8492942,39.57012833
"519","Denver CO","Hayden CO",1314,-107.2176597,40.48118028,-104.8492942,39.57012833
"520","Denver CO","Moline IL",719,-90.50753917,41.44852639,-104.8492942,39.57012833
"521","Denver CO","Idaho Falls ID",980,-112.0701667,43.51455556,-104.8492942,39.57012833
"522","Denver CO","Aspen CO",3992,-106.868845,39.22316,-104.8492942,39.57012833
"523","Denver CO","Casper WY",1536,-106.4644661,42.90835556,-104.8492942,39.57012833
"524","Denver CO","Eagle CO",1674,-106.9176953,39.64256778,-104.8492942,39.57012833
"525","Denver CO","Gillette WY",695,-105.5393614,44.34889806,-104.8492942,39.57012833
"526","Denver CO","Las Vegas NV",8165,-115.1327708,35.97636444,-104.8492942,39.57012833
"527","Denver CO","Santa Barbara CA",840,-119.8403733,34.42621194,-104.8492942,39.57012833
"528","Denver CO","Dallas-Fort Worth TX",8193,-97.0372,32.89595056,-104.8492942,39.57012833
"529","Denver CO","Bakersfield CA",533,-119.0567681,35.43359806,-104.8492942,39.57012833
"530","Denver CO","Helena MT",412,-111.9827503,46.60681806,-104.8492942,39.57012833
"531","Denver CO","Peoria IL",362,-89.6134025,40.79525917,-104.8492942,39.57012833
"532","Denver CO","Rock Springs WY",545,-109.0651928,41.5942175,-104.8492942,39.57012833
"533","Detroit MI","Roanoke VA",748,-79.97542833,37.32546833,-83.00986111,42.40919444
"534","Detroit MI","Cedar Rapids IA",946,-91.71087222,41.88458833,-83.00986111,42.40919444
"535","Detroit MI","Kalamazoo MI",1177,-85.5520575,42.234875,-83.00986111,42.40919444
"536","Detroit MI","Shreveport LA",360,-93.7450225,32.54021889,-83.00986111,42.40919444
"537","Detroit MI","Knoxville TN",1424,-83.87365389,35.96383361,-83.00986111,42.40919444
"538","Detroit MI","Greensboro NC",1245,-79.9372975,36.09774694,-83.00986111,42.40919444
"539","Detroit MI","Rochester MN",171,-92.49798722,43.90882639,-83.00986111,42.40919444
"540","Detroit MI","Allentown PA",997,-75.48830556,40.57027778,-83.00986111,42.40919444
"541","Detroit MI","Duluth MN",721,-92.19364861,46.84209028,-83.00986111,42.40919444
"542","Detroit MI","Indianapolis IN",2558,-86.29438056,39.83070944,-83.00986111,42.40919444
"543","Detroit MI","Pellston MI",263,-84.796715,45.5709275,-83.00986111,42.40919444
"544","Detroit MI","Greer SC",1238,-82.21885833,34.89566722,-83.00986111,42.40919444
"545","Detroit MI","Binghamton NY",728,-75.97961361,42.20848278,-83.00986111,42.40919444
"546","Detroit MI","Peoria IL",701,-89.6134025,40.79525917,-83.00986111,42.40919444
"547","Detroit MI","Ithaca NY",132,-76.45844444,42.49102778,-83.00986111,42.40919444
"548","Detroit MI","Traverse City MI",1210,-85.582235,44.74144472,-83.00986111,42.40919444
"549","Detroit MI","Syracuse NY",1015,-76.10631056,43.11118694,-83.00986111,42.40919444
"550","Detroit MI","Bangor ME",801,-68.82813889,44.80744444,-83.00986111,42.40919444
"551","Detroit MI","Madison WI",1603,-89.18553833,43.10491444,-83.00986111,42.40919444
"552","Detroit MI","NA NA",500,-117.278727,33.127231,-83.00986111,42.40919444
"553","Detroit MI","Grand Rapids MI",2655,-85.52276778,42.88081972,-83.00986111,42.40919444
"554","Detroit MI","Mosinee WI",549,-89.66677944,44.77761917,-83.00986111,42.40919444
"555","Detroit MI","Myrtle Beach SC",287,-78.92833333,33.67975,-83.00986111,42.40919444
"556","Detroit MI","Green Bay WI",1224,-88.12959,44.48507333,-83.00986111,42.40919444
"557","Detroit MI","Fort Wayne IN",1202,-85.19514639,40.97846583,-83.00986111,42.40919444
"558","Detroit MI","Elmira NY",1336,-76.89144333,42.15991361,-83.00986111,42.40919444
"559","Detroit MI","South Bend IN",1638,-86.31847417,41.70895361,-83.00986111,42.40919444
"560","Detroit MI","Nashville TN",2708,-86.67818222,36.12447667,-83.00986111,42.40919444
"561","Detroit MI","Charleston WV",208,-81.59318972,38.37315083,-83.00986111,42.40919444
"562","Detroit MI","Lansing MI",1641,-84.58735806,42.7787,-83.00986111,42.40919444
"563","Detroit MI","Asheville NC",768,-82.54180556,35.43619444,-83.00986111,42.40919444
"564","Detroit MI","Lincoln NE",320,-96.75925,40.85097222,-83.00986111,42.40919444
"565","Detroit MI","Evansville IN",1342,-87.53062667,38.03799139,-83.00986111,42.40919444
"566","Detroit MI","Akron OH",1044,-81.46693944,41.0375,-83.00986111,42.40919444
"567","Detroit MI","Columbus OH",1909,-82.89188278,39.99798528,-83.00986111,42.40919444
"568","Detroit MI","Minneapolis MN",5459,-93.21138889,45.145,-83.00986111,42.40919444
"569","Detroit MI","Moline IL",755,-90.50753917,41.44852639,-83.00986111,42.40919444
"570","Detroit MI","Erie PA",1398,-80.17621556,42.08202139,-83.00986111,42.40919444
"571","Detroit MI","Newburgh NY",724,-74.10483833,41.50409361,-83.00986111,42.40919444
"572","Detroit MI","Chicago IL",10672,-87.60791167,41.85884389,-83.00986111,42.40919444
"573","Detroit MI","Covington KY",3023,-84.6621725,39.04614278,-83.00986111,42.40919444
"574","Detroit MI","Dayton OH",1322,-84.219375,39.90237583,-83.00986111,42.40919444
"575","Detroit MI","Wilkes-Barre/Scranton PA",722,-75.7242675,41.33814944,-83.00986111,42.40919444
"576","Detroit MI","Burlington VT",826,-73.1503125,44.47300361,-83.00986111,42.40919444
"577","Detroit MI","Flint MI",1522,-83.74345639,42.96550333,-83.00986111,42.40919444
"578","Detroit MI","Lexington KY",1656,-84.60538889,38.03697222,-83.00986111,42.40919444
"579","Detroit MI","Appleton WI",1020,-88.51947556,44.25740806,-83.00986111,42.40919444
"580","Detroit MI","Saginaw MI",1460,-84.07964722,43.53291472,-83.00986111,42.40919444
"581","Dillingham AK","King Salmon AK",38,-156.6492175,58.67680167,-158.5033389,59.0454125
"582","Fairbanks AK","Anchorage AK",3217,-149.9961856,61.17432028,-147.8596694,64.8136775
"583","Fairbanks AK","Barrow AK",364,-156.7660019,71.2854475,-147.8596694,64.8136775
"584","Fargo ND","Kalamazoo MI",1,-85.5520575,42.234875,-96.81498889,46.91934889
"585","Fayetteville/Springdale/Rogers AR","Kalamazoo MI",1,-85.5520575,42.234875,-94.30681111,36.28186944
"586","Flint MI","Muskegon MI",109,-86.23822306,43.16948806,-83.74345639,42.96550333
"587","Fresno CA","Chico CA",1,-121.8584231,39.79538278,-119.7181389,36.77619444
"588","Ft. Lauderdale FL","Newark NJ",4432,-74.16866056,40.69249722,-80.15275,26.07258333
"589","Ft. Lauderdale FL","Ponce PR",45,-66.56301194,18.00830278,-80.15275,26.07258333
"590","Ft. Lauderdale FL","Newburgh NY",476,-74.10483833,41.50409361,-80.15275,26.07258333
"591","Ft. Lauderdale FL","Jacksonville FL",1809,-81.80594722,30.27778889,-80.15275,26.07258333
"592","Ft. Lauderdale FL","Newport News VA",310,-76.4929875,37.13189556,-80.15275,26.07258333
"593","Ft. Lauderdale FL","Islip NY",1087,-73.10021194,40.7952425,-80.15275,26.07258333
"594","Ft. Lauderdale FL","White Plains NY",1021,-73.70757444,41.06695778,-80.15275,26.07258333
"595","Ft. Lauderdale FL","Gulfport-Biloxi MS",366,-89.07009278,30.40728028,-80.15275,26.07258333
"596","Gillette WY","Rock Springs WY",58,-109.0651928,41.5942175,-105.5393614,44.34889806
"597","Grand Rapids MI","Muskegon MI",24,-86.23822306,43.16948806,-85.52276778,42.88081972
"598","Green Bay WI","NA NA",322,-117.278727,33.127231,-88.12959,44.48507333
"599","Hailey ID","Twin Falls ID",2,-114.4877356,42.48180389,-114.2965903,43.50484139
"600","Hilo HI","Honolulu HI",7685,-157.9224072,21.31869111,-155.0484703,19.72026306
"601","Honolulu HI","Lihue HI",10407,-159.3389581,21.97598306,-157.9224072,21.31869111
"602","Honolulu HI","Kahului HI",12383,-156.4304578,20.89864972,-157.9224072,21.31869111
"603","Honolulu HI","Kailua/Kona HI",9038,-156.0456314,19.73876583,-157.9224072,21.31869111
"604","Honolulu HI","Hilo HI",7386,-155.0484703,19.72026306,-157.9224072,21.31869111
"605","Houston TX","Montrose CO",261,-107.8938333,38.50886722,-95.55277778,30.06186111
"606","Houston TX","Nashville TN",4026,-86.67818222,36.12447667,-95.55277778,30.06186111
"607","Houston TX","Tallahassee FL",482,-84.35033333,30.39652778,-95.55277778,30.06186111
"608","Houston TX","Corpus Christi TX",2754,-97.50121528,27.77036083,-95.55277778,30.06186111
"609","Houston TX","Jackson MS",3066,-90.22253167,32.3347725,-95.55277778,30.06186111
"610","Houston TX","Birmingham AL",3068,-86.75354972,33.56294306,-95.55277778,30.06186111
"611","Houston TX","Memphis TN",3079,-90.05397694,35.20069278,-95.55277778,30.06186111
"612","Houston TX","Shreveport LA",1018,-93.7450225,32.54021889,-95.55277778,30.06186111
"613","Houston TX","Hayden CO",112,-107.2176597,40.48118028,-95.55277778,30.06186111
"614","Houston TX","Dallas TX",13520,-96.80027778,32.77333333,-95.55277778,30.06186111
"615","Houston TX","Huntsville AL",1043,-86.77310944,34.6404475,-95.55277778,30.06186111
"616","Houston TX","Tulsa OK",3619,-95.984635,36.0396275,-95.55277778,30.06186111
"617","Houston TX","Baton Rouge LA",2009,-91.14963444,30.53316083,-95.55277778,30.06186111
"618","Houston TX","Lubbock TX",769,-101.8227778,33.66363889,-95.55277778,30.06186111
"619","Houston TX","Dallas-Fort Worth TX",7951,-97.0372,32.89595056,-95.55277778,30.06186111
"620","Houston TX","McAllen TX",2665,-98.23861111,26.17583333,-95.55277778,30.06186111
"621","Houston TX","Valparaiso FL",421,-86.5254,30.48325,-95.55277778,30.06186111
"622","Houston TX","Brownsville TX",1464,-97.42586111,25.90683333,-95.55277778,30.06186111
"623","Houston TX","Killeen TX",525,-97.82779778,31.06489778,-95.55277778,30.06186111
"624","Houston TX","Charleston WV",674,-81.59318972,38.37315083,-95.55277778,30.06186111
"625","Houston TX","Wichita KS",1594,-97.22113889,37.74755556,-95.55277778,30.06186111
"626","Houston TX","Omaha NE",2099,-96.11227778,41.196,-95.55277778,30.06186111
"627","Houston TX","Eagle CO",124,-106.9176953,39.64256778,-95.55277778,30.06186111
"628","Houston TX","Austin TX",6010,-97.66987194,30.19453278,-95.55277778,30.06186111
"629","Houston TX","Beaumont/Port Arthur TX",276,-94.02069444,29.95083333,-95.55277778,30.06186111
"630","Houston TX","Atlanta GA",8861,-84.42694444,33.64044444,-95.55277778,30.06186111
"631","Houston TX","Little Rock AR",1468,-92.22424556,34.72939611,-95.55277778,30.06186111
"632","Houston TX","Laredo TX",714,-99.46154361,27.54373861,-95.55277778,30.06186111
"633","Houston TX","Amarillo TX",809,-101.7059272,35.2193725,-95.55277778,30.06186111
"634","Houston TX","Chattanooga TN",459,-85.20378778,35.03526833,-95.55277778,30.06186111
"635","Houston TX","Jacksonville FL",1907,-81.80594722,30.27778889,-95.55277778,30.06186111
"636","Houston TX","Montgomery AL",246,-86.39397611,32.30064417,-95.55277778,30.06186111
"637","Houston TX","Mobile AL",1420,-88.06799861,30.62646944,-95.55277778,30.06186111
"638","Houston TX","New Orleans LA",7994,-90.08166667,29.95194444,-95.55277778,30.06186111
"639","Houston TX","Harlingen TX",3347,-97.65439389,26.22850611,-95.55277778,30.06186111
"640","Houston TX","Pensacola FL",635,-87.18744444,30.47330556,-95.55277778,30.06186111
"641","Houston TX","College Station TX",262,-96.36382417,30.58858944,-95.55277778,30.06186111
"642","Houston TX","Alexandria LA",342,-92.54855611,31.32737167,-95.55277778,30.06186111
"643","Houston TX","Colorado Springs CO",1725,-104.5698933,38.94574889,-95.55277778,30.06186111
"644","Houston TX","Monroe LA",581,-92.03768778,32.51086556,-95.55277778,30.06186111
"645","Houston TX","Gulfport-Biloxi MS",1908,-89.07009278,30.40728028,-95.55277778,30.06186111
"646","Houston TX","El Paso TX",2169,-106.3778056,31.80666667,-95.55277778,30.06186111
"647","Houston TX","Albuquerque NM",3272,-106.6091944,35.04022222,-95.55277778,30.06186111
"648","Houston TX","Asheville NC",459,-82.54180556,35.43619444,-95.55277778,30.06186111
"649","Houston TX","Oklahoma City OK",3988,-97.82354556,35.4880825,-95.55277778,30.06186111
"650","Houston TX","Fayetteville/Springdale/Rogers AR",1435,-94.30681111,36.28186944,-95.55277778,30.06186111
"651","Houston TX","Lafayette LA",2702,-91.987655,30.20527972,-95.55277778,30.06186111
"652","Houston TX","San Antonio TX",6337,-98.46977778,29.53369444,-95.55277778,30.06186111
"653","Houston TX","Lake Charles LA",1000,-93.14318944,30.21059167,-95.55277778,30.06186111
"654","Houston TX","Midland TX",1863,-102.2019139,31.94252778,-95.55277778,30.06186111
"655","Idaho Falls ID","Redmond OR",1,-121.1499633,44.25406722,-112.0701667,43.51455556
"656","Idaho Falls ID","Lewiston ID",1,-117.0153944,46.37449806,-112.0701667,43.51455556
"657","Imperial CA","Yuma AZ",326,-114.6059722,32.65658333,-115.5787456,32.83422028
"658","Jacksonville FL","Pierre SD",2,-100.285965,44.38267694,-81.80594722,30.27778889
"659","Jacksonville FL","Christiansted VI",2,-64.79855556,17.70188889,-81.80594722,30.27778889
"660","Juneau AK","Petersburg AK",364,-132.9600567,56.81131972,-134.4077778,58.29888889
"661","Juneau AK","Gustavus AK",85,-135.7073814,58.42438139,-134.4077778,58.29888889
"662","Juneau AK","Sitka AK",740,-135.3462086,57.05213778,-134.4077778,58.29888889
"663","Juneau AK","Yakutat AK",362,-139.7410994,59.5624775,-134.4077778,58.29888889
"664","Juneau AK","Anchorage AK",1163,-149.9961856,61.17432028,-134.4077778,58.29888889
"665","Juneau AK","Ketchikan AK",362,-131.7380742,55.38965028,-134.4077778,58.29888889
"666","Kahului HI","Honolulu HI",12014,-157.9224072,21.31869111,-156.4304578,20.89864972
"667","Kahului HI","Kailua/Kona HI",793,-156.0456314,19.73876583,-156.4304578,20.89864972
"668","Kahului HI","Lihue HI",426,-159.3389581,21.97598306,-156.4304578,20.89864972
"669","Kahului HI","Hilo HI",366,-155.0484703,19.72026306,-156.4304578,20.89864972
"670","Kailua/Kona HI","Hilo HI",299,-155.0484703,19.72026306,-156.0456314,19.73876583
"671","Kailua/Kona HI","Honolulu HI",8745,-157.9224072,21.31869111,-156.0456314,19.73876583
"672","Kailua/Kona HI","Kahului HI",1379,-156.4304578,20.89864972,-156.0456314,19.73876583
"673","Kansas City MO","Fargo ND",1,-96.81498889,46.91934889,-94.71390556,39.29760528
"674","Kansas City MO","Dallas TX",3922,-96.80027778,32.77333333,-94.71390556,39.29760528
"675","Ketchikan AK","Sitka AK",365,-135.3462086,57.05213778,-131.7380742,55.38965028
"676","Ketchikan AK","Wrangell AK",363,-132.3800181,56.466325,-131.7380742,55.38965028
"677","Ketchikan AK","Juneau AK",364,-134.4077778,58.29888889,-131.7380742,55.38965028
"678","Kotzebue AK","Nome AK",361,-165.4452458,64.51220222,-162.5985497,66.88467694
"679","Lansing MI","Lincoln NE",1,-96.75925,40.85097222,-84.58735806,42.7787
"680","Lansing MI","Fargo ND",1,-96.81498889,46.91934889,-84.58735806,42.7787
"681","Las Vegas NV","Lubbock TX",366,-101.8227778,33.66363889,-115.1327708,35.97636444
"682","Las Vegas NV","Los Angeles CA",11773,-118.4080744,33.94253611,-115.1327708,35.97636444
"683","Las Vegas NV","Santa Ana CA",4130,-117.8682225,33.67565861,-115.1327708,35.97636444
"684","Las Vegas NV","Bloomington IL",50,-88.91595278,40.47798556,-115.1327708,35.97636444
"685","Las Vegas NV","Palm Springs CA",1281,-116.5062531,33.82921556,-115.1327708,35.97636444
"686","Las Vegas NV","Tucson AZ",2242,-111.1728611,32.14308333,-115.1327708,35.97636444
"687","Las Vegas NV","Midland TX",366,-102.2019139,31.94252778,-115.1327708,35.97636444
"688","Las Vegas NV","Burbank CA",5162,-118.3584969,34.20061917,-115.1327708,35.97636444
"689","Las Vegas NV","Salt Lake City UT",5373,-111.9777731,40.78838778,-115.1327708,35.97636444
"690","Las Vegas NV","San Luis Obispo CA",128,-120.6423931,35.23705806,-115.1327708,35.97636444
"691","Las Vegas NV","Sacramento CA",4064,-121.2975908,38.55389694,-115.1327708,35.97636444
"692","Las Vegas NV","Fresno CA",2092,-119.7181389,36.77619444,-115.1327708,35.97636444
"693","Las Vegas NV","San Diego CA",5902,-117.1395664,32.81573306,-115.1327708,35.97636444
"694","Las Vegas NV","Ontario CA",3494,-117.6011944,34.056,-115.1327708,35.97636444
"695","Las Vegas NV","Yuma AZ",99,-114.6059722,32.65658333,-115.1327708,35.97636444
"696","Las Vegas NV","Portland OR",3564,-122.6709289,45.52527778,-115.1327708,35.97636444
"697","Las Vegas NV","Oakland CA",4642,-122.2207167,37.72129083,-115.1327708,35.97636444
"698","Las Vegas NV","Amarillo TX",366,-101.7059272,35.2193725,-115.1327708,35.97636444
"699","Las Vegas NV","Reno NV",4508,-119.8754169,39.66738111,-115.1327708,35.97636444
"700","Las Vegas NV","Phoenix AZ",10337,-112.0825614,33.68831667,-115.1327708,35.97636444
"701","Las Vegas NV","San Jose CA",4176,-121.8197947,37.33287306,-115.1327708,35.97636444
"702","Las Vegas NV","San Francisco CA",7007,-122.3748433,37.61900194,-115.1327708,35.97636444
"703","Lihue HI","Honolulu HI",10769,-157.9224072,21.31869111,-159.3389581,21.97598306
"704","Long Beach CA","Monterey CA",435,-121.8429478,36.5869825,-118.1516111,33.81772222
"705","Los Angeles CA","Phoenix AZ",9992,-112.0825614,33.68831667,-118.4080744,33.94253611
"706","Los Angeles CA","St George UT",721,-113.5930556,37.09058333,-118.4080744,33.94253611
"707","Los Angeles CA","San Francisco CA",13788,-122.3748433,37.61900194,-118.4080744,33.94253611
"708","Los Angeles CA","San Diego CA",11224,-117.1395664,32.81573306,-118.4080744,33.94253611
"709","Los Angeles CA","Seattle WA",6865,-122.3019561,47.52998917,-118.4080744,33.94253611
"710","Los Angeles CA","Tucson AZ",4190,-111.1728611,32.14308333,-118.4080744,33.94253611
"711","Los Angeles CA","Honolulu HI",4963,-157.9224072,21.31869111,-118.4080744,33.94253611
"712","Los Angeles CA","Oxnard CA",1291,-119.2072164,34.20080083,-118.4080744,33.94253611
"713","Los Angeles CA","Palm Springs CA",2597,-116.5062531,33.82921556,-118.4080744,33.94253611
"714","Los Angeles CA","Modesto CA",679,-120.9544214,37.62581722,-118.4080744,33.94253611
"715","Los Angeles CA","Denver CO",8811,-104.8492942,39.57012833,-118.4080744,33.94253611
"716","Los Angeles CA","Inyokern CA",956,-117.8295122,35.65884306,-118.4080744,33.94253611
"717","Los Angeles CA","Oakland CA",7578,-122.2207167,37.72129083,-118.4080744,33.94253611
"718","Los Angeles CA","Santa Barbara CA",4498,-119.8403733,34.42621194,-118.4080744,33.94253611
"719","Los Angeles CA","Sacramento CA",5717,-121.2975908,38.55389694,-118.4080744,33.94253611
"720","Los Angeles CA","Imperial CA",646,-115.5787456,32.83422028,-118.4080744,33.94253611
"721","Los Angeles CA","Salt Lake City UT",5178,-111.9777731,40.78838778,-118.4080744,33.94253611
"722","Los Angeles CA","Lihue HI",1069,-159.3389581,21.97598306,-118.4080744,33.94253611
"723","Los Angeles CA","Kailua/Kona HI",1040,-156.0456314,19.73876583,-118.4080744,33.94253611
"724","Los Angeles CA","Portland OR",3517,-122.6709289,45.52527778,-118.4080744,33.94253611
"725","Los Angeles CA","Fresno CA",4022,-119.7181389,36.77619444,-118.4080744,33.94253611
"726","Los Angeles CA","Yuma AZ",1044,-114.6059722,32.65658333,-118.4080744,33.94253611
"727","Los Angeles CA","Aspen CO",334,-106.868845,39.22316,-118.4080744,33.94253611
"728","Los Angeles CA","Dallas-Fort Worth TX",6571,-97.0372,32.89595056,-118.4080744,33.94253611
"729","Los Angeles CA","Reno NV",1905,-119.8754169,39.66738111,-118.4080744,33.94253611
"730","Los Angeles CA","Kahului HI",2058,-156.4304578,20.89864972,-118.4080744,33.94253611
"731","Los Angeles CA","San Jose CA",8939,-121.8197947,37.33287306,-118.4080744,33.94253611
"732","Los Angeles CA","Monterey CA",2758,-121.8429478,36.5869825,-118.4080744,33.94253611
"733","Los Angeles CA","Santa Maria CA",1681,-120.4575825,34.89924833,-118.4080744,33.94253611
"734","Los Angeles CA","Las Vegas NV",11729,-115.1327708,35.97636444,-118.4080744,33.94253611
"735","Los Angeles CA","Bakersfield CA",906,-119.0567681,35.43359806,-118.4080744,33.94253611
"736","Los Angeles CA","Chantilly VA",4092,-77.45580972,38.94453194,-118.4080744,33.94253611
"737","Los Angeles CA","Cedar City UT",1,-113.098575,37.70097028,-118.4080744,33.94253611
"738","Los Angeles CA","San Luis Obispo CA",2682,-120.6423931,35.23705806,-118.4080744,33.94253611
"739","Los Angeles CA","NA NA",2259,-117.278727,33.127231,-118.4080744,33.94253611
"740","Medford OR","Klamath Falls OR",1,-121.7332081,42.15614361,-122.8734978,42.37422778
"741","Memphis TN","Tallahassee FL",1094,-84.35033333,30.39652778,-90.05397694,35.20069278
"742","Memphis TN","Fort Smith AR",478,-94.36744111,35.33659028,-90.05397694,35.20069278
"743","Memphis TN","Pensacola FL",1097,-87.18744444,30.47330556,-90.05397694,35.20069278
"744","Memphis TN","Bristol TN",44,-82.40742056,36.47521417,-90.05397694,35.20069278
"745","Memphis TN","Springfield MO",1079,-93.38685806,37.24432611,-90.05397694,35.20069278
"746","Memphis TN","Montgomery AL",1091,-86.39397611,32.30064417,-90.05397694,35.20069278
"747","Memphis TN","Mobile AL",1094,-88.06799861,30.62646944,-90.05397694,35.20069278
"748","Memphis TN","Jackson MS",1075,-90.22253167,32.3347725,-90.05397694,35.20069278
"749","Memphis TN","Shreveport LA",1094,-93.7450225,32.54021889,-90.05397694,35.20069278
"750","Memphis TN","Moline IL",669,-90.50753917,41.44852639,-90.05397694,35.20069278
"751","Memphis TN","Chattanooga TN",630,-85.20378778,35.03526833,-90.05397694,35.20069278
"752","Memphis TN","Panama City FL",1095,-85.68280556,30.21208333,-90.05397694,35.20069278
"753","Memphis TN","Evansville IN",904,-87.53062667,38.03799139,-90.05397694,35.20069278
"754","Memphis TN","Greer SC",1089,-82.21885833,34.89566722,-90.05397694,35.20069278
"755","Memphis TN","Gulfport-Biloxi MS",1088,-89.07009278,30.40728028,-90.05397694,35.20069278
"756","Memphis TN","Huntsville AL",1079,-86.77310944,34.6404475,-90.05397694,35.20069278
"757","Memphis TN","Fayetteville/Springdale/Rogers AR",1044,-94.30681111,36.28186944,-90.05397694,35.20069278
"758","Memphis TN","Greensboro NC",1043,-79.9372975,36.09774694,-90.05397694,35.20069278
"759","Memphis TN","Knoxville TN",1460,-83.87365389,35.96383361,-90.05397694,35.20069278
"760","Memphis TN","Baton Rouge LA",999,-91.14963444,30.53316083,-90.05397694,35.20069278
"761","Memphis TN","Valparaiso FL",1045,-86.5254,30.48325,-90.05397694,35.20069278
"762","Miami FL","Tallahassee FL",831,-84.35033333,30.39652778,-80.29055556,25.79325
"763","Miami FL","San Juan PR",2560,-66.09883333,18.45675,-80.29055556,25.79325
"764","Miami FL","Christiansted VI",349,-64.79855556,17.70188889,-80.29055556,25.79325
"765","Miami FL","Charlotte Amalie VI",732,-64.97336111,18.33730556,-80.29055556,25.79325
"766","Milwaukee WI","Appleton WI",1032,-88.51947556,44.25740806,-87.89658333,42.94722222
"767","Milwaukee WI","Green Bay WI",774,-88.12959,44.48507333,-87.89658333,42.94722222
"768","Milwaukee WI","NA NA",356,-117.278727,33.127231,-87.89658333,42.94722222
"769","Milwaukee WI","Madison WI",1293,-89.18553833,43.10491444,-87.89658333,42.94722222
"770","Milwaukee WI","Mosinee WI",285,-89.66677944,44.77761917,-87.89658333,42.94722222
"771","Milwaukee WI","Muskegon MI",263,-86.23822306,43.16948806,-87.89658333,42.94722222
"772","Milwaukee WI","Cleveland OH",2226,-81.68333333,41.5175,-87.89658333,42.94722222
"773","Milwaukee WI","Flint MI",838,-83.74345639,42.96550333,-87.89658333,42.94722222
"774","Minneapolis MN","Duluth MN",1292,-92.19364861,46.84209028,-93.21138889,45.145
"775","Minneapolis MN","Rapid City SD",877,-103.0573708,44.04532139,-93.21138889,45.145
"776","Minneapolis MN","Madison WI",1439,-89.18553833,43.10491444,-93.21138889,45.145
"777","Minneapolis MN","Des Moines IA",1012,-93.66068222,41.53493306,-93.21138889,45.145
"778","Minneapolis MN","Anchorage AK",826,-149.9961856,61.17432028,-93.21138889,45.145
"779","Minneapolis MN","Milwaukee WI",3464,-87.89658333,42.94722222,-93.21138889,45.145
"780","Minneapolis MN","Chicago IL",11164,-87.60791167,41.85884389,-93.21138889,45.145
"781","Minneapolis MN","Great Falls MT",196,-111.3706853,47.48200194,-93.21138889,45.145
"782","Minneapolis MN","Hayden CO",112,-107.2176597,40.48118028,-93.21138889,45.145
"783","Minneapolis MN","Lincoln NE",106,-96.75925,40.85097222,-93.21138889,45.145
"784","Minneapolis MN","Bismarck ND",1052,-100.7467222,46.77411111,-93.21138889,45.145
"785","Minneapolis MN","Kalamazoo MI",245,-85.5520575,42.234875,-93.21138889,45.145
"786","Minneapolis MN","Mosinee WI",13,-89.66677944,44.77761917,-93.21138889,45.145
"787","Minneapolis MN","Hancock MI",318,-88.48906083,47.16841722,-93.21138889,45.145
"788","Minneapolis MN","Detroit MI",4947,-83.00986111,42.40919444,-93.21138889,45.145
"789","Minneapolis MN","Green Bay WI",1431,-88.12959,44.48507333,-93.21138889,45.145
"790","Minneapolis MN","Rochester MN",817,-92.49798722,43.90882639,-93.21138889,45.145
"791","Minneapolis MN","Fargo ND",1743,-96.81498889,46.91934889,-93.21138889,45.145
"792","Minneapolis MN","Grand Rapids MI",1516,-85.52276778,42.88081972,-93.21138889,45.145
"793","Minneapolis MN","La Crosse WI",434,-91.25653778,43.87937972,-93.21138889,45.145
"794","Minneapolis MN","Sioux City IA",122,-96.38436694,42.40260333,-93.21138889,45.145
"795","Minneapolis MN","Traverse City MI",347,-85.582235,44.74144472,-93.21138889,45.145
"796","Minneapolis MN","Grand Forks ND",1371,-97.17611111,47.949255,-93.21138889,45.145
"797","Minneapolis MN","Minot ND",1085,-101.2803339,48.25937778,-93.21138889,45.145
"798","Minneapolis MN","International Falls MN",72,-93.40306667,48.56618722,-93.21138889,45.145
"799","Minneapolis MN","Kalispell MT",210,-114.2550694,48.31140472,-93.21138889,45.145
"800","Minneapolis MN","Missoula MT",189,-114.0905556,46.91630556,-93.21138889,45.145
"801","Minneapolis MN","Fort Wayne IN",241,-85.19514639,40.97846583,-93.21138889,45.145
"802","Minneapolis MN","South Bend IN",365,-86.31847417,41.70895361,-93.21138889,45.145
"803","Minneapolis MN","Sioux Falls SD",1927,-96.74170028,43.58135111,-93.21138889,45.145
"804","Minneapolis MN","Memphis TN",2845,-90.05397694,35.20069278,-93.21138889,45.145
"805","Minneapolis MN","Fairbanks AK",205,-147.8596694,64.8136775,-93.21138889,45.145
"806","Minneapolis MN","Billings MT",820,-108.5428611,45.8076625,-93.21138889,45.145
"807","Minneapolis MN","Lansing MI",157,-84.58735806,42.7787,-93.21138889,45.145
"808","Minneapolis MN","Rhinelander WI",221,-89.46745361,45.63119306,-93.21138889,45.145
"809","Minneapolis MN","Casper WY",32,-106.4644661,42.90835556,-93.21138889,45.145
"810","Minneapolis MN","Waterloo IA",323,-92.40034361,42.55708139,-93.21138889,45.145
"811","Minneapolis MN","Saginaw MI",117,-84.07964722,43.53291472,-93.21138889,45.145
"812","Minneapolis MN","Idaho Falls ID",336,-112.0701667,43.51455556,-93.21138889,45.145
"813","Minneapolis MN","Pierre SD",3,-100.285965,44.38267694,-93.21138889,45.145
"814","Minneapolis MN","Helena MT",365,-111.9827503,46.60681806,-93.21138889,45.145
"815","Minneapolis MN","Bemidji MN",74,-94.93372333,47.50942417,-93.21138889,45.145
"816","Minneapolis MN","Asheville NC",364,-82.54180556,35.43619444,-93.21138889,45.145
"817","Minneapolis MN","Bozeman MT",878,-111.1530072,45.77690139,-93.21138889,45.145
"818","Moline IL","Mosinee WI",1,-89.66677944,44.77761917,-90.50753917,41.44852639
"819","Monterey CA","Chico CA",1,-121.8584231,39.79538278,-121.8429478,36.5869825
"820","Monterey CA","Arcata/Eureka CA",2,-124.1086189,40.97811528,-121.8429478,36.5869825
"821","Montgomery AL","Christiansted VI",1,-64.79855556,17.70188889,-86.39397611,32.30064417
"822","New Orleans LA","Houston TX",7974,-95.55277778,30.06186111,-90.08166667,29.95194444
"823","New York NY","Bangor ME",338,-68.82813889,44.80744444,-73.97208306,40.74260167
"824","New York NY","Charlotte Amalie VI",375,-64.97336111,18.33730556,-73.97208306,40.74260167
"825","New York NY","Covington KY",5177,-84.6621725,39.04614278,-73.97208306,40.74260167
"826","New York NY","Daytona Beach FL",159,-81.05805556,29.17991667,-73.97208306,40.74260167
"827","New York NY","Atlantic City NJ",3,-74.57716667,39.45758333,-73.97208306,40.74260167
"828","New York NY","Buffalo NY",3679,-78.71658528,42.86200306,-73.97208306,40.74260167
"829","New York NY","Columbus OH",2870,-82.89188278,39.99798528,-73.97208306,40.74260167
"830","New York NY","Pittsburgh PA",3185,-79.93016889,40.35440139,-73.97208306,40.74260167
"831","New York NY","Wilkes-Barre/Scranton PA",5,-75.7242675,41.33814944,-73.97208306,40.74260167
"832","New York NY","Detroit MI",6348,-83.00986111,42.40919444,-73.97208306,40.74260167
"833","New York NY","Charleston SC",1413,-80.04050583,32.89864639,-73.97208306,40.74260167
"834","New York NY","Cleveland OH",4328,-81.68333333,41.5175,-73.97208306,40.74260167
"835","New York NY","Minneapolis MN",4164,-93.21138889,45.145,-73.97208306,40.74260167
"836","New York NY","Ponce PR",346,-66.56301194,18.00830278,-73.97208306,40.74260167
"837","New York NY","Melbourne FL",2,-80.64580556,28.10275,-73.97208306,40.74260167
"838","New York NY","Akron OH",793,-81.46693944,41.0375,-73.97208306,40.74260167
"839","New York NY","Ft. Myers FL",2127,-81.86325,26.58661111,-73.97208306,40.74260167
"840","New York NY","Charlotte NC",7205,-80.94312583,35.21401111,-73.97208306,40.74260167
"841","New York NY","Sarasota FL",608,-82.55411111,27.39533333,-73.97208306,40.74260167
"842","New York NY","Arlington VA",14119,-77.03772222,38.85208333,-73.97208306,40.74260167
"843","New York NY","Ft. Lauderdale FL",7848,-80.15275,26.07258333,-73.97208306,40.74260167
"844","New York NY","Syracuse NY",1825,-76.10631056,43.11118694,-73.97208306,40.74260167
"845","New York NY","Portland ME",1818,-70.30875,43.64616667,-73.97208306,40.74260167
"846","New York NY","Aguadilla PR",661,-67.12944444,18.49486111,-73.97208306,40.74260167
"847","New York NY","Raleigh NC",8124,-78.78747222,35.87763889,-73.97208306,40.74260167
"848","New York NY","Miami FL",6330,-80.29055556,25.79325,-73.97208306,40.74260167
"849","New York NY","Tampa FL",4860,-82.53325,27.97547222,-73.97208306,40.74260167
"850","New York NY","Augusta GA",7,-81.96449611,33.369955,-73.97208306,40.74260167
"851","New York NY","West Palm Beach FL",4465,-80.22148111,26.84537306,-73.97208306,40.74260167
"852","New York NY","Chicago IL",14454,-87.60791167,41.85884389,-73.97208306,40.74260167
"853","New York NY","Rochester NY",2435,-77.67238389,43.11886611,-73.97208306,40.74260167
"854","New York NY","Boston MA",19401,-71.00517917,42.3643475,-73.97208306,40.74260167
"855","New York NY","San Francisco CA",6971,-122.3748433,37.61900194,-73.97208306,40.74260167
"856","New York NY","Atlanta GA",12421,-84.42694444,33.64044444,-73.97208306,40.74260167
"857","New York NY","San Juan PR",3558,-66.09883333,18.45675,-73.97208306,40.74260167
"858","New York NY","Burlington VT",2207,-73.1503125,44.47300361,-73.97208306,40.74260167
"859","New York NY","Richmond VA",3040,-77.52498667,37.4065375,-73.97208306,40.74260167
"860","New York NY","Orlando FL",8527,-81.43708333,28.28980556,-73.97208306,40.74260167
"861","New York NY","Nantucket MA",223,-70.06018139,41.25305194,-73.97208306,40.74260167
"862","New York NY","Jacksonville FL",2362,-81.80594722,30.27778889,-73.97208306,40.74260167
"863","New York NY","Long Beach CA",1544,-118.1516111,33.81772222,-73.97208306,40.74260167
"864","New York NY","Newport News VA",767,-76.4929875,37.13189556,-73.97208306,40.74260167
"865","Newark NJ","Syracuse NY",1002,-76.10631056,43.11118694,-74.16866056,40.69249722
"866","Newark NJ","Bangor ME",536,-68.82813889,44.80744444,-74.16866056,40.69249722
"867","Newark NJ","Orlando FL",4977,-81.43708333,28.28980556,-74.16866056,40.69249722
"868","Newark NJ","Nantucket MA",234,-70.06018139,41.25305194,-74.16866056,40.69249722
"869","Newark NJ","Daytona Beach FL",311,-81.05805556,29.17991667,-74.16866056,40.69249722
"870","Newark NJ","Asheville NC",658,-82.54180556,35.43619444,-74.16866056,40.69249722
"871","Newark NJ","Milwaukee WI",2524,-87.89658333,42.94722222,-74.16866056,40.69249722
"872","Newark NJ","Charlotte NC",5953,-80.94312583,35.21401111,-74.16866056,40.69249722
"873","Newark NJ","Covington KY",3094,-84.6621725,39.04614278,-74.16866056,40.69249722
"874","Newark NJ","Richmond VA",1576,-77.52498667,37.4065375,-74.16866056,40.69249722
"875","Newark NJ","Detroit MI",4374,-83.00986111,42.40919444,-74.16866056,40.69249722
"876","Newark NJ","Charleston SC",1284,-80.04050583,32.89864639,-74.16866056,40.69249722
"877","Newark NJ","Ponce PR",17,-66.56301194,18.00830278,-74.16866056,40.69249722
"878","Newark NJ","Greensboro NC",1093,-79.9372975,36.09774694,-74.16866056,40.69249722
"879","Newark NJ","Savannah GA",1127,-81.20213889,32.12758333,-74.16866056,40.69249722
"880","Newark NJ","West Palm Beach FL",2770,-80.22148111,26.84537306,-74.16866056,40.69249722
"881","Newark NJ","Burlington VT",879,-73.1503125,44.47300361,-74.16866056,40.69249722
"882","Newark NJ","Louisville KY",1037,-85.66372222,38.228,-74.16866056,40.69249722
"883","Newark NJ","Ft. Myers FL",1874,-81.86325,26.58661111,-74.16866056,40.69249722
"884","Newark NJ","Rochester NY",933,-77.67238389,43.11886611,-74.16866056,40.69249722
"885","Newark NJ","Eagle CO",207,-106.9176953,39.64256778,-74.16866056,40.69249722
"886","Newark NJ","Myrtle Beach SC",234,-78.92833333,33.67975,-74.16866056,40.69249722
"887","Newark NJ","Manchester NH",1353,-71.43705583,42.93451639,-74.16866056,40.69249722
"888","Newark NJ","Sarasota FL",399,-82.55411111,27.39533333,-74.16866056,40.69249722
"889","Newark NJ","Ft. Lauderdale FL",4431,-80.15275,26.07258333,-74.16866056,40.69249722
"890","Newark NJ","Aguadilla PR",366,-67.12944444,18.49486111,-74.16866056,40.69249722
"891","Newark NJ","Portland ME",741,-70.30875,43.64616667,-74.16866056,40.69249722
"892","Newark NJ","San Juan PR",1582,-66.09883333,18.45675,-74.16866056,40.69249722
"893","Nome AK","Kotzebue AK",725,-162.5985497,66.88467694,-165.4452458,64.51220222
"894","Oakland CA","Burbank CA",5423,-118.3584969,34.20061917,-122.2207167,37.72129083
"895","Oakland CA","Long Beach CA",1631,-118.1516111,33.81772222,-122.2207167,37.72129083
"896","Oakland CA","Ontario CA",3697,-117.6011944,34.056,-122.2207167,37.72129083
"897","Oakland CA","San Diego CA",5831,-117.1395664,32.81573306,-122.2207167,37.72129083
"898","Ontario CA","Sacramento CA",3814,-121.2975908,38.55389694,-117.6011944,34.056
"899","Ontario CA","Modesto CA",1,-120.9544214,37.62581722,-117.6011944,34.056
"900","Orlando FL","Providence RI",2148,-71.42822111,41.72399917,-81.43708333,28.28980556
"901","Orlando FL","Key West FL",35,-81.75955556,24.55611111,-81.43708333,28.28980556
"902","Orlando FL","Bloomington IL",173,-88.91595278,40.47798556,-81.43708333,28.28980556
"903","Orlando FL","Chantilly VA",4244,-77.45580972,38.94453194,-81.43708333,28.28980556
"904","Orlando FL","Manchester NH",1605,-71.43705583,42.93451639,-81.43708333,28.28980556
"905","Orlando FL","Birmingham AL",1196,-86.75354972,33.56294306,-81.43708333,28.28980556
"906","Orlando FL","Aguadilla PR",492,-67.12944444,18.49486111,-81.43708333,28.28980556
"907","Orlando FL","Newport News VA",361,-76.4929875,37.13189556,-81.43708333,28.28980556
"908","Orlando FL","Newark NJ",4978,-74.16866056,40.69249722,-81.43708333,28.28980556
"909","Orlando FL","Ponce PR",347,-66.56301194,18.00830278,-81.43708333,28.28980556
"910","Orlando FL","Newburgh NY",835,-74.10483833,41.50409361,-81.43708333,28.28980556
"911","Orlando FL","Albany NY",1037,-73.80297861,42.74811944,-81.43708333,28.28980556
"912","Orlando FL","Baltimore MD",4926,-76.66819833,39.17540167,-81.43708333,28.28980556
"913","Orlando FL","Flint MI",455,-83.74345639,42.96550333,-81.43708333,28.28980556
"914","Orlando FL","Buffalo NY",1876,-78.71658528,42.86200306,-81.43708333,28.28980556
"915","Orlando FL","Islip NY",2105,-73.10021194,40.7952425,-81.43708333,28.28980556
"916","Orlando FL","White Plains NY",1485,-73.70757444,41.06695778,-81.43708333,28.28980556
"917","Orlando FL","Atlanta GA",9613,-84.42694444,33.64044444,-81.43708333,28.28980556
"918","Orlando FL","Panama City FL",196,-85.68280556,30.21208333,-81.43708333,28.28980556
"919","Orlando FL","San Juan PR",2415,-66.09883333,18.45675,-81.43708333,28.28980556
"920","Orlando FL","Windsor Locks CT",1755,-72.68322833,41.93887417,-81.43708333,28.28980556
"921","Orlando FL","Indianapolis IN",2298,-86.29438056,39.83070944,-81.43708333,28.28980556
"922","Orlando FL","Philadelphia PA",7032,-75.24114083,39.87195278,-81.43708333,28.28980556
"923","Orlando FL","Pittsburgh PA",2470,-79.93016889,40.35440139,-81.43708333,28.28980556
"924","Palm Springs CA","St George UT",1,-113.5930556,37.09058333,-116.5062531,33.82921556
"925","Palm Springs CA","Inyokern CA",1,-117.8295122,35.65884306,-116.5062531,33.82921556
"926","Palm Springs CA","Oxnard CA",1,-119.2072164,34.20080083,-116.5062531,33.82921556
"927","Peoria IL","Lincoln NE",1,-96.75925,40.85097222,-89.6134025,40.79525917
"928","Petersburg AK","Wrangell AK",364,-132.3800181,56.466325,-132.9600567,56.81131972
"929","Petersburg AK","Juneau AK",363,-134.4077778,58.29888889,-132.9600567,56.81131972
"930","Philadelphia PA","Raleigh NC",3363,-78.78747222,35.87763889,-75.24114083,39.87195278
"931","Philadelphia PA","Manchester NH",2365,-71.43705583,42.93451639,-75.24114083,39.87195278
"932","Philadelphia PA","Tampa FL",3380,-82.53325,27.97547222,-75.24114083,39.87195278
"933","Philadelphia PA","Pittsburgh PA",4169,-79.93016889,40.35440139,-75.24114083,39.87195278
"934","Philadelphia PA","Orlando FL",7034,-81.43708333,28.28980556,-75.24114083,39.87195278
"935","Philadelphia PA","Providence RI",2563,-71.42822111,41.72399917,-75.24114083,39.87195278
"936","Philadelphia PA","West Palm Beach FL",1899,-80.22148111,26.84537306,-75.24114083,39.87195278
"937","Philadelphia PA","Boston MA",6375,-71.00517917,42.3643475,-75.24114083,39.87195278
"938","Phoenix AZ","San Antonio TX",2767,-98.46977778,29.53369444,-112.0825614,33.68831667
"939","Phoenix AZ","Colorado Springs CO",1393,-104.5698933,38.94574889,-112.0825614,33.68831667
"940","Phoenix AZ","Las Vegas NV",10626,-115.1327708,35.97636444,-112.0825614,33.68831667
"941","Phoenix AZ","Albuquerque NM",5265,-106.6091944,35.04022222,-112.0825614,33.68831667
"942","Phoenix AZ","Flagstaff AZ",1871,-111.6712183,35.13845472,-112.0825614,33.68831667
"943","Phoenix AZ","St Louis MO",2763,-90.50830417,38.72752,-112.0825614,33.68831667
"944","Phoenix AZ","Grand Junction CO",1037,-108.5267347,39.1224125,-112.0825614,33.68831667
"945","Phoenix AZ","San Diego CA",7581,-117.1395664,32.81573306,-112.0825614,33.68831667
"946","Phoenix AZ","Medford OR",304,-122.8734978,42.37422778,-112.0825614,33.68831667
"947","Phoenix AZ","Monterey CA",910,-121.8429478,36.5869825,-112.0825614,33.68831667
"948","Phoenix AZ","Portland OR",3946,-122.6709289,45.52527778,-112.0825614,33.68831667
"949","Phoenix AZ","Burbank CA",4751,-118.3584969,34.20061917,-112.0825614,33.68831667
"950","Phoenix AZ","Fresno CA",1625,-119.7181389,36.77619444,-112.0825614,33.68831667
"951","Phoenix AZ","Austin TX",2783,-97.66987194,30.19453278,-112.0825614,33.68831667
"952","Phoenix AZ","Long Beach CA",1623,-118.1516111,33.81772222,-112.0825614,33.68831667
"953","Phoenix AZ","Durango CO",812,-107.7537692,37.15151667,-112.0825614,33.68831667
"954","Phoenix AZ","Ontario CA",5628,-117.6011944,34.056,-112.0825614,33.68831667
"955","Phoenix AZ","Palm Springs CA",1752,-116.5062531,33.82921556,-112.0825614,33.68831667
"956","Phoenix AZ","Sacramento CA",4115,-121.2975908,38.55389694,-112.0825614,33.68831667
"957","Phoenix AZ","Omaha NE",2067,-96.11227778,41.196,-112.0825614,33.68831667
"958","Phoenix AZ","Kahului HI",586,-156.4304578,20.89864972,-112.0825614,33.68831667
"959","Phoenix AZ","Santa Ana CA",5477,-117.8682225,33.67565861,-112.0825614,33.68831667
"960","Phoenix AZ","Santa Barbara CA",1617,-119.8403733,34.42621194,-112.0825614,33.68831667
"961","Phoenix AZ","Denver CO",8391,-104.8492942,39.57012833,-112.0825614,33.68831667
"962","Phoenix AZ","Yuma AZ",1961,-114.6059722,32.65658333,-112.0825614,33.68831667
"963","Phoenix AZ","San Jose CA",4027,-121.8197947,37.33287306,-112.0825614,33.68831667
"964","Phoenix AZ","El Paso TX",4136,-106.3778056,31.80666667,-112.0825614,33.68831667
"965","Phoenix AZ","Aspen CO",109,-106.868845,39.22316,-112.0825614,33.68831667
"966","Phoenix AZ","Salt Lake City UT",7168,-111.9777731,40.78838778,-112.0825614,33.68831667
"967","Phoenix AZ","Los Angeles CA",9897,-118.4080744,33.94253611,-112.0825614,33.68831667
"968","Phoenix AZ","Reno NV",2779,-119.8754169,39.66738111,-112.0825614,33.68831667
"969","Phoenix AZ","Eugene OR",372,-123.2186856,44.12326,-112.0825614,33.68831667
"970","Phoenix AZ","San Luis Obispo CA",990,-120.6423931,35.23705806,-112.0825614,33.68831667
"971","Phoenix AZ","Tucson AZ",3474,-111.1728611,32.14308333,-112.0825614,33.68831667
"972","Phoenix AZ","Bakersfield CA",1194,-119.0567681,35.43359806,-112.0825614,33.68831667
"973","Phoenix AZ","Telluride CO",194,-107.90848,37.95375861,-112.0825614,33.68831667
"974","Pittsburgh PA","Erie PA",1,-80.17621556,42.08202139,-79.93016889,40.35440139
"975","Pocatello ID","Casper WY",1,-106.4644661,42.90835556,-112.5958611,42.91130556
"976","Pocatello ID","Billings MT",3,-108.5428611,45.8076625,-112.5958611,42.91130556
"977","Pocatello ID","St George UT",1,-113.5930556,37.09058333,-112.5958611,42.91130556
"978","Portland OR","Klamath Falls OR",162,-121.7332081,42.15614361,-122.6709289,45.52527778
"979","Portland OR","Medford OR",1543,-122.8734978,42.37422778,-122.6709289,45.52527778
"980","Portland OR","North Bend OR",162,-124.2460278,43.41713889,-122.6709289,45.52527778
"981","Portland OR","Redmond OR",1619,-121.1499633,44.25406722,-122.6709289,45.52527778
"982","Portland OR","Spokane WA",1314,-117.5338425,47.61985556,-122.6709289,45.52527778
"983","Portland OR","Eugene OR",1551,-123.2186856,44.12326,-122.6709289,45.52527778
"984","Providence RI","Baltimore MD",3988,-76.66819833,39.17540167,-71.42822111,41.72399917
"985","Raleigh NC","New York NY",8572,-73.97208306,40.74260167,-78.78747222,35.87763889
"986","Raleigh NC","Wilmington NC",1,-77.90255556,34.27061111,-78.78747222,35.87763889
"987","Rapid City SD","Bismarck ND",2,-100.7467222,46.77411111,-103.0573708,44.04532139
"988","Reno NV","Modesto CA",1,-120.9544214,37.62581722,-119.8754169,39.66738111
"989","Rock Springs WY","Gillette WY",59,-105.5393614,44.34889806,-109.0651928,41.5942175
"990","Sacramento CA","Burbank CA",3458,-118.3584969,34.20061917,-121.2975908,38.55389694
"991","Sacramento CA","Ontario CA",3803,-117.6011944,34.056,-121.2975908,38.55389694
"992","Sacramento CA","Arcata/Eureka CA",618,-124.1086189,40.97811528,-121.2975908,38.55389694
"993","Sacramento CA","Redding CA",1,-122.4080642,40.57487278,-121.2975908,38.55389694
"994","Salt Lake City UT","Medford OR",724,-122.8734978,42.37422778,-111.9777731,40.78838778
"995","Salt Lake City UT","Reno NV",1814,-119.8754169,39.66738111,-111.9777731,40.78838778
"996","Salt Lake City UT","Montrose CO",229,-107.8938333,38.50886722,-111.9777731,40.78838778
"997","Salt Lake City UT","West Yellowstone MT",264,-111.1176375,44.68839917,-111.9777731,40.78838778
"998","Salt Lake City UT","Great Falls MT",1051,-111.3706853,47.48200194,-111.9777731,40.78838778
"999","Salt Lake City UT","St George UT",2594,-113.5930556,37.09058333,-111.9777731,40.78838778
"1000","Salt Lake City UT","Jackson WY",1485,-110.7377389,43.60732417,-111.9777731,40.78838778
"1001","Salt Lake City UT","Hailey ID",2870,-114.2965903,43.50484139,-111.9777731,40.78838778
"1002","Salt Lake City UT","Grand Junction CO",1040,-108.5267347,39.1224125,-111.9777731,40.78838778
"1003","Salt Lake City UT","Twin Falls ID",1810,-114.4877356,42.48180389,-111.9777731,40.78838778
"1004","Salt Lake City UT","Gunnison CO",13,-106.9331817,38.53396333,-111.9777731,40.78838778
"1005","Salt Lake City UT","Boise ID",3342,-116.2227778,43.56444444,-111.9777731,40.78838778
"1006","Salt Lake City UT","Salem OR",484,-123.0025,44.90952778,-111.9777731,40.78838778
"1007","Salt Lake City UT","Idaho Falls ID",1787,-112.0701667,43.51455556,-111.9777731,40.78838778
"1008","Salt Lake City UT","Missoula MT",1841,-114.0905556,46.91630556,-111.9777731,40.78838778
"1009","Salt Lake City UT","Bakersfield CA",371,-119.0567681,35.43359806,-111.9777731,40.78838778
"1010","Salt Lake City UT","Casper WY",1006,-106.4644661,42.90835556,-111.9777731,40.78838778
"1011","Salt Lake City UT","Arcata/Eureka CA",388,-124.1086189,40.97811528,-111.9777731,40.78838778
"1012","Salt Lake City UT","Kalispell MT",1741,-114.2550694,48.31140472,-111.9777731,40.78838778
"1013","Salt Lake City UT","Durango CO",386,-107.7537692,37.15151667,-111.9777731,40.78838778
"1014","Salt Lake City UT","Aspen CO",459,-106.868845,39.22316,-111.9777731,40.78838778
"1015","Salt Lake City UT","Butte MT",708,-112.49746,45.95479528,-111.9777731,40.78838778
"1016","Salt Lake City UT","Long Beach CA",2500,-118.1516111,33.81772222,-111.9777731,40.78838778
"1017","Salt Lake City UT","Rock Springs WY",351,-109.0651928,41.5942175,-111.9777731,40.78838778
"1018","Salt Lake City UT","Portland OR",3277,-122.6709289,45.52527778,-111.9777731,40.78838778
"1019","Salt Lake City UT","Rapid City SD",757,-103.0573708,44.04532139,-111.9777731,40.78838778
"1020","Salt Lake City UT","Billings MT",1950,-108.5428611,45.8076625,-111.9777731,40.78838778
"1021","Salt Lake City UT","Hayden CO",378,-107.2176597,40.48118028,-111.9777731,40.78838778
"1022","Salt Lake City UT","Gillette WY",292,-105.5393614,44.34889806,-111.9777731,40.78838778
"1023","Salt Lake City UT","Yakima WA",340,-120.5440594,46.56816972,-111.9777731,40.78838778
"1024","Salt Lake City UT","Bellingham WA",120,-122.5375278,48.79275,-111.9777731,40.78838778
"1025","Salt Lake City UT","Spokane WA",1951,-117.5338425,47.61985556,-111.9777731,40.78838778
"1026","Salt Lake City UT","Helena MT",1209,-111.9827503,46.60681806,-111.9777731,40.78838778
"1027","Salt Lake City UT","Denver CO",8905,-104.8492942,39.57012833,-111.9777731,40.78838778
"1028","Salt Lake City UT","Redmond OR",719,-121.1499633,44.25406722,-111.9777731,40.78838778
"1029","Salt Lake City UT","Fargo ND",95,-96.81498889,46.91934889,-111.9777731,40.78838778
"1030","Salt Lake City UT","Cedar City UT",666,-113.098575,37.70097028,-111.9777731,40.78838778
"1031","Salt Lake City UT","Elko NV",1577,-115.7916964,40.82492611,-111.9777731,40.78838778
"1032","Salt Lake City UT","Cody WY",707,-109.0237961,44.52019417,-111.9777731,40.78838778
"1033","Salt Lake City UT","Eugene OR",711,-123.2186856,44.12326,-111.9777731,40.78838778
"1034","Salt Lake City UT","Yuma AZ",440,-114.6059722,32.65658333,-111.9777731,40.78838778
"1035","Salt Lake City UT","Pasco WA",1600,-119.1190292,46.26468028,-111.9777731,40.78838778
"1036","Salt Lake City UT","Bozeman MT",2029,-111.1530072,45.77690139,-111.9777731,40.78838778
"1037","Salt Lake City UT","San Luis Obispo CA",284,-120.6423931,35.23705806,-111.9777731,40.78838778
"1038","Salt Lake City UT","Lewiston ID",650,-117.0153944,46.37449806,-111.9777731,40.78838778
"1039","Salt Lake City UT","Pocatello ID",1659,-112.5958611,42.91130556,-111.9777731,40.78838778
"1040","San Antonio TX","Dallas TX",4973,-96.80027778,32.77333333,-98.46977778,29.53369444
"1041","San Antonio TX","Harlingen TX",675,-97.65439389,26.22850611,-98.46977778,29.53369444
"1042","San Antonio TX","El Paso TX",1344,-106.3778056,31.80666667,-98.46977778,29.53369444
"1043","San Diego CA","Sacramento CA",4573,-121.2975908,38.55389694,-117.1395664,32.81573306
"1044","San Diego CA","San Jose CA",5254,-121.8197947,37.33287306,-117.1395664,32.81573306
"1045","San Diego CA","Phoenix AZ",7609,-112.0825614,33.68831667,-117.1395664,32.81573306
"1046","San Diego CA","Oakland CA",5851,-122.2207167,37.72129083,-117.1395664,32.81573306
"1047","San Diego CA","San Francisco CA",6312,-122.3748433,37.61900194,-117.1395664,32.81573306
"1048","San Diego CA","Los Angeles CA",11257,-118.4080744,33.94253611,-117.1395664,32.81573306
"1049","San Diego CA","Monterey CA",445,-121.8429478,36.5869825,-117.1395664,32.81573306
"1050","San Francisco CA","Boise ID",1754,-116.2227778,43.56444444,-122.3748433,37.61900194
"1051","San Francisco CA","North Bend OR",353,-124.2460278,43.41713889,-122.3748433,37.61900194
"1052","San Francisco CA","Redmond OR",1083,-121.1499633,44.25406722,-122.3748433,37.61900194
"1053","San Francisco CA","Medford OR",2571,-122.8734978,42.37422778,-122.3748433,37.61900194
"1054","San Francisco CA","San Diego CA",6769,-117.1395664,32.81573306,-122.3748433,37.61900194
"1055","San Francisco CA","Missoula MT",12,-114.0905556,46.91630556,-122.3748433,37.61900194
"1056","San Francisco CA","Las Vegas NV",6994,-115.1327708,35.97636444,-122.3748433,37.61900194
"1057","San Francisco CA","Kahului HI",932,-156.4304578,20.89864972,-122.3748433,37.61900194
"1058","San Francisco CA","Seattle WA",5409,-122.3019561,47.52998917,-122.3748433,37.61900194
"1059","San Francisco CA","Palmdale CA",728,-118.0845528,34.62938889,-122.3748433,37.61900194
"1060","San Francisco CA","Klamath Falls OR",348,-121.7332081,42.15614361,-122.3748433,37.61900194
"1061","San Francisco CA","Santa Ana CA",3994,-117.8682225,33.67565861,-122.3748433,37.61900194
"1062","San Francisco CA","Bakersfield CA",943,-119.0567681,35.43359806,-122.3748433,37.61900194
"1063","San Francisco CA","Los Angeles CA",13390,-118.4080744,33.94253611,-122.3748433,37.61900194
"1064","San Francisco CA","Crescent City CA",703,-124.2365333,41.78015722,-122.3748433,37.61900194
"1065","San Francisco CA","Kailua/Kona HI",713,-156.0456314,19.73876583,-122.3748433,37.61900194
"1066","San Francisco CA","Reno NV",1886,-119.8754169,39.66738111,-122.3748433,37.61900194
"1067","San Francisco CA","Modesto CA",1643,-120.9544214,37.62581722,-122.3748433,37.61900194
"1068","San Francisco CA","Arcata/Eureka CA",2343,-124.1086189,40.97811528,-122.3748433,37.61900194
"1069","San Francisco CA","Chico CA",1390,-121.8584231,39.79538278,-122.3748433,37.61900194
"1070","San Francisco CA","Eugene OR",1919,-123.2186856,44.12326,-122.3748433,37.61900194
"1071","San Francisco CA","Redding CA",1680,-122.4080642,40.57487278,-122.3748433,37.61900194
"1072","San Francisco CA","Fresno CA",2438,-119.7181389,36.77619444,-122.3748433,37.61900194
"1073","San Francisco CA","Santa Barbara CA",3047,-119.8403733,34.42621194,-122.3748433,37.61900194
"1074","San Francisco CA","Lihue HI",483,-159.3389581,21.97598306,-122.3748433,37.61900194
"1075","San Francisco CA","Monterey CA",2428,-121.8429478,36.5869825,-122.3748433,37.61900194
"1076","San Francisco CA","Palm Springs CA",1638,-116.5062531,33.82921556,-122.3748433,37.61900194
"1077","San Francisco CA","San Luis Obispo CA",1758,-120.6423931,35.23705806,-122.3748433,37.61900194
"1078","San Jose CA","Burbank CA",3377,-118.3584969,34.20061917,-121.8197947,37.33287306
"1079","San Jose CA","Santa Ana CA",5401,-117.8682225,33.67565861,-121.8197947,37.33287306
"1080","San Jose CA","Santa Barbara CA",1208,-119.8403733,34.42621194,-121.8197947,37.33287306
"1081","San Jose CA","Ontario CA",2742,-117.6011944,34.056,-121.8197947,37.33287306
"1082","San Juan PR","Charlotte Amalie VI",478,-64.97336111,18.33730556,-66.09883333,18.45675
"1083","Santa Ana CA","San Jose CA",5383,-121.8197947,37.33287306,-117.8682225,33.67565861
"1084","Santa Barbara CA","Redding CA",1,-122.4080642,40.57487278,-119.8403733,34.42621194
"1085","Seattle WA","Juneau AK",1209,-134.4077778,58.29888889,-122.3019561,47.52998917
"1086","Seattle WA","Spokane WA",4372,-117.5338425,47.61985556,-122.3019561,47.52998917
"1087","Seattle WA","Boise ID",1080,-116.2227778,43.56444444,-122.3019561,47.52998917
"1088","Seattle WA","Ketchikan AK",1289,-131.7380742,55.38965028,-122.3019561,47.52998917
"1089","Seattle WA","Sitka AK",227,-135.3462086,57.05213778,-122.3019561,47.52998917
"1090","Seattle WA","Long Beach CA",1499,-118.1516111,33.81772222,-122.3019561,47.52998917
"1091","Seattle WA","Anchorage AK",6257,-149.9961856,61.17432028,-122.3019561,47.52998917
"1092","Seattle WA","Lihue HI",366,-159.3389581,21.97598306,-122.3019561,47.52998917
"1093","Seattle WA","Fairbanks AK",956,-147.8596694,64.8136775,-122.3019561,47.52998917
"1094","Seattle WA","Oakland CA",5047,-122.2207167,37.72129083,-122.3019561,47.52998917
"1095","Seattle WA","Kailua/Kona HI",411,-156.0456314,19.73876583,-122.3019561,47.52998917
"1096","Sitka AK","Ketchikan AK",365,-131.7380742,55.38965028,-135.3462086,57.05213778
"1097","Sitka AK","Juneau AK",863,-134.4077778,58.29888889,-135.3462086,57.05213778
"1098","Spokane WA","Boise ID",1042,-116.2227778,43.56444444,-117.5338425,47.61985556
"1099","Springfield IL","Champaign/Urbana IL",1,-88.27805556,40.03925,-89.67761861,39.84395194
"1100","St George UT","Cedar City UT",1,-113.098575,37.70097028,-113.5930556,37.09058333
"1101","St Louis MO","Fargo ND",1,-96.81498889,46.91934889,-90.50830417,38.72752
"1102","Tampa FL","Tallahassee FL",301,-84.35033333,30.39652778,-82.53325,27.97547222
"1103","Tampa FL","Ft. Lauderdale FL",3036,-80.15275,26.07258333,-82.53325,27.97547222
"1104","Tampa FL","Gulfport-Biloxi MS",366,-89.07009278,30.40728028,-82.53325,27.97547222
"1105","Twin Falls ID","Hailey ID",1,-114.2965903,43.50484139,-114.4877356,42.48180389
"1106","Twin Falls ID","Rapid City SD",1,-103.0573708,44.04532139,-114.4877356,42.48180389
"1107","Twin Falls ID","Elko NV",3,-115.7916964,40.82492611,-114.4877356,42.48180389
"1108","Twin Falls ID","Pasco WA",1,-119.1190292,46.26468028,-114.4877356,42.48180389
"1109","Twin Falls ID","Salem OR",2,-123.0025,44.90952778,-114.4877356,42.48180389
"1110","Twin Falls ID","St George UT",1,-113.5930556,37.09058333,-114.4877356,42.48180389
"1111","West Palm Beach FL","Islip NY",1090,-73.10021194,40.7952425,-80.22148111,26.84537306
"1112","West Palm Beach FL","Newburgh NY",360,-74.10483833,41.50409361,-80.22148111,26.84537306
"1113","West Palm Beach FL","White Plains NY",1048,-73.70757444,41.06695778,-80.22148111,26.84537306
"1114","Wrangell AK","Ketchikan AK",364,-131.7380742,55.38965028,-132.3800181,56.466325
"1115","Wrangell AK","Petersburg AK",363,-132.9600567,56.81131972,-132.3800181,56.466325
"1116","Yakutat AK","Juneau AK",363,-134.4077778,58.29888889,-139.7410994,59.5624775
"1117","Yakutat AK","Cordova AK",362,-145.4776503,60.49183389,-139.7410994,59.5624775
"1118","Yuma AZ","Imperial CA",343,-115.5787456,32.83422028,-114.6059722,32.65658333
